nconst,primaryName,birthYear,deathYear,primaryProfession,knownForTitles,films_tv_participated,tconst_x,averageRating,numVotes,tconst_y,titleType,primaryTitle,originalTitle,isAdult,startYear,endYear,runtimeMinutes,genres
nm0000098,Jennifer Aniston,1969,\N,"actress,producer,soundtrack","tt0279113,tt0108778,tt3442006,tt1723121",tt0107387,tt0107387,4.8,29649,tt0107387,movie,Leprechaun,Leprechaun,0,1992,\N,92,"Comedy,Fantasy,Horror"
nm0000098,Jennifer Aniston,1969,\N,"actress,producer,soundtrack","tt0279113,tt0108778,tt3442006,tt1723121",tt0116141,tt0116141,6.0,2912,tt0116141,movie,Dream for an Insomniac,Dream for an Insomniac,0,1996,\N,90,"Comedy,Drama,Romance"
nm0000098,Jennifer Aniston,1969,\N,"actress,producer,soundtrack","tt0279113,tt0108778,tt3442006,tt1723121",tt0117628,tt0117628,6.0,18345,tt0117628,movie,She's the One,She's the One,0,1996,\N,96,"Comedy,Drama,Romance"
nm0000098,Jennifer Aniston,1969,\N,"actress,producer,soundtrack","tt0279113,tt0108778,tt3442006,tt1723121",tt0119896,tt0119896,5.5,21220,tt0119896,movie,Picture Perfect,Picture Perfect,0,1997,\N,101,"Comedy,Drama,Romance"
nm0000098,Jennifer Aniston,1969,\N,"actress,producer,soundtrack","tt0279113,tt0108778,tt3442006,tt1723121",tt0120772,tt0120772,6.0,21250,tt0120772,movie,The Object of My Affection,The Object of My Affection,0,1998,\N,111,"Comedy,Drama,Romance"
nm0000098,Jennifer Aniston,1969,\N,"actress,producer,soundtrack","tt0279113,tt0108778,tt3442006,tt1723121",tt0129167,tt0129167,8.1,220024,tt0129167,movie,The Iron Giant,The Iron Giant,0,1999,\N,86,"Action,Adventure,Animation"
nm0000098,Jennifer Aniston,1969,\N,"actress,producer,soundtrack","tt0279113,tt0108778,tt3442006,tt1723121",tt0151804,tt0151804,7.6,282662,tt0151804,movie,Office Space,Office Space,0,1999,\N,89,Comedy
nm0000098,Jennifer Aniston,1969,\N,"actress,producer,soundtrack","tt0279113,tt0108778,tt3442006,tt1723121",tt0171825,tt0171825,3.4,423,tt0171825,movie,The Thin Pink Line,The Thin Pink Line,0,1998,\N,106,Comedy
nm0000098,Jennifer Aniston,1969,\N,"actress,producer,soundtrack","tt0279113,tt0108778,tt3442006,tt1723121",tt0202470,tt0202470,6.3,44885,tt0202470,movie,Rock Star,Rock Star,0,2001,\N,105,"Drama,Music"
nm0000098,Jennifer Aniston,1969,\N,"actress,producer,soundtrack","tt0279113,tt0108778,tt3442006,tt1723121",tt0279113,tt0279113,6.4,46826,tt0279113,movie,The Good Girl,The Good Girl,0,2002,\N,93,"Drama,Romance"
nm0000098,Jennifer Aniston,1969,\N,"actress,producer,soundtrack","tt0279113,tt0108778,tt3442006,tt1723121",tt0315327,tt0315327,6.8,425594,tt0315327,movie,Bruce Almighty,Bruce Almighty,0,2003,\N,101,"Comedy,Fantasy"
nm0000098,Jennifer Aniston,1969,\N,"actress,producer,soundtrack","tt0279113,tt0108778,tt3442006,tt1723121",tt0343135,tt0343135,6.0,142192,tt0343135,movie,Along Came Polly,Along Came Polly,0,2004,\N,90,"Comedy,Romance"
nm0000098,Jennifer Aniston,1969,\N,"actress,producer,soundtrack","tt0279113,tt0108778,tt3442006,tt1723121",tt0398017,tt0398017,6.6,75784,tt0398017,movie,Derailed,Derailed,0,2005,\N,108,"Crime,Drama,Thriller"
nm0000098,Jennifer Aniston,1969,\N,"actress,producer,soundtrack","tt0279113,tt0108778,tt3442006,tt1723121",tt0398375,tt0398375,5.5,60998,tt0398375,movie,Rumor Has It...,Rumor Has It...,0,2005,\N,97,"Comedy,Drama,Romance"
nm0000098,Jennifer Aniston,1969,\N,"actress,producer,soundtrack","tt0279113,tt0108778,tt3442006,tt1723121",tt0436331,tt0436331,5.8,31866,tt0436331,movie,Friends with Money,Friends with Money,0,2006,\N,88,"Comedy,Drama,Romance"
nm0000098,Jennifer Aniston,1969,\N,"actress,producer,soundtrack","tt0279113,tt0108778,tt3442006,tt1723121",tt0452594,tt0452594,5.8,137559,tt0452594,movie,The Break-Up,The Break-Up,0,2006,\N,106,"Comedy,Drama,Romance"
nm0000098,Jennifer Aniston,1969,\N,"actress,producer,soundtrack","tt0279113,tt0108778,tt3442006,tt1723121",tt0822832,tt0822832,7.0,165672,tt0822832,movie,Marley & Me,Marley & Me,0,2008,\N,111,"Drama,Family"
nm0000098,Jennifer Aniston,1969,\N,"actress,producer,soundtrack","tt0279113,tt0108778,tt3442006,tt1723121",tt0889573,tt0889573,6.1,111051,tt0889573,movie,The Switch,The Switch,0,2010,\N,101,"Comedy,Drama,Romance"
nm0000098,Jennifer Aniston,1969,\N,"actress,producer,soundtrack","tt0279113,tt0108778,tt3442006,tt1723121",tt0899106,tt0899106,5.7,33793,tt0899106,movie,Love Happens,Love Happens,0,2009,\N,109,"Drama,Romance"
nm0000098,Jennifer Aniston,1969,\N,"actress,producer,soundtrack","tt0279113,tt0108778,tt3442006,tt1723121",tt1001508,tt1001508,6.4,180402,tt1001508,movie,He's Just Not That Into You,He's Just Not That Into You,0,2009,\N,129,"Comedy,Drama,Romance"
nm0000098,Jennifer Aniston,1969,\N,"actress,producer,soundtrack","tt0279113,tt0108778,tt3442006,tt1723121",tt1038919,tt1038919,5.5,133110,tt1038919,movie,The Bounty Hunter,The Bounty Hunter,0,2010,\N,110,"Action,Comedy,Romance"
nm0000098,Jennifer Aniston,1969,\N,"actress,producer,soundtrack","tt0279113,tt0108778,tt3442006,tt1723121",tt1082853,tt1082853,5.8,18242,tt1082853,movie,Management,Management,0,2008,\N,94,"Comedy,Drama,Romance"
nm0000098,Jennifer Aniston,1969,\N,"actress,producer,soundtrack","tt0279113,tt0108778,tt3442006,tt1723121",tt12179456,tt12179456,5.6,17,tt12179456,movie,Brad Pitt & Jennifer Aniston: Hollywood's Couple of the Year,Brad Pitt & Jennifer Aniston: Hollywood's Couple of the Year,0,2000,\N,51,Documentary
nm0000098,Jennifer Aniston,1969,\N,"actress,producer,soundtrack","tt0279113,tt0108778,tt3442006,tt1723121",tt15255288,tt15255288,5.7,64115,tt15255288,movie,Murder Mystery 2,Murder Mystery 2,0,2023,\N,90,"Action,Comedy,Crime"
nm0000098,Jennifer Aniston,1969,\N,"actress,producer,soundtrack","tt0279113,tt0108778,tt3442006,tt1723121",tt1564367,tt1564367,6.4,260648,tt1564367,movie,Just Go with It,Just Go with It,0,2011,\N,117,"Comedy,Romance"
nm0000098,Jennifer Aniston,1969,\N,"actress,producer,soundtrack","tt0279113,tt0108778,tt3442006,tt1723121",tt1618434,tt1618434,6.0,163239,tt1618434,movie,Murder Mystery,Murder Mystery,0,2019,\N,97,"Action,Comedy,Crime"
nm0000098,Jennifer Aniston,1969,\N,"actress,producer,soundtrack","tt0279113,tt0108778,tt3442006,tt1723121",tt1655460,tt1655460,5.6,79458,tt1655460,movie,Wanderlust,Wanderlust,0,2012,\N,98,"Comedy,Romance"
nm0000098,Jennifer Aniston,1969,\N,"actress,producer,soundtrack","tt0279113,tt0108778,tt3442006,tt1723121",tt1663207,tt1663207,5.8,19996,tt1663207,movie,Life of Crime,Life of Crime,0,2013,\N,98,"Comedy,Crime"
nm0000098,Jennifer Aniston,1969,\N,"actress,producer,soundtrack","tt0279113,tt0108778,tt3442006,tt1723121",tt1711525,tt1711525,5.9,85799,tt1711525,movie,Office Christmas Party,Office Christmas Party,0,2016,\N,105,Comedy
nm0000098,Jennifer Aniston,1969,\N,"actress,producer,soundtrack","tt0279113,tt0108778,tt3442006,tt1723121",tt1723121,tt1723121,7.0,478186,tt1723121,movie,We're the Millers,We're the Millers,0,2013,\N,110,"Comedy,Crime"
nm0000098,Jennifer Aniston,1969,\N,"actress,producer,soundtrack","tt0279113,tt0108778,tt3442006,tt1723121",tt1767372,tt1767372,6.1,28393,tt1767372,movie,She's Funny That Way,She's Funny That Way,0,2014,\N,93,"Comedy,Drama"
nm0000098,Jennifer Aniston,1969,\N,"actress,producer,soundtrack","tt0279113,tt0108778,tt3442006,tt1723121",tt2170439,tt2170439,6.3,182137,tt2170439,movie,Horrible Bosses 2,Horrible Bosses 2,0,2014,\N,108,"Comedy,Crime"
nm0000098,Jennifer Aniston,1969,\N,"actress,producer,soundtrack","tt0279113,tt0108778,tt3442006,tt1723121",tt3442006,tt3442006,6.4,38588,tt3442006,movie,Cake,Cake,0,2014,\N,102,Drama
nm0000098,Jennifer Aniston,1969,\N,"actress,producer,soundtrack","tt0279113,tt0108778,tt3442006,tt1723121",tt4624424,tt4624424,6.8,66395,tt4624424,movie,Storks,Storks,0,2016,\N,87,"Adventure,Animation,Comedy"
nm0000098,Jennifer Aniston,1969,\N,"actress,producer,soundtrack","tt0279113,tt0108778,tt3442006,tt1723121",tt4824302,tt4824302,5.6,39243,tt4824302,movie,Mother's Day,Mother's Day,0,2016,\N,118,"Comedy,Drama,Romance"
nm0000098,Jennifer Aniston,1969,\N,"actress,producer,soundtrack","tt0279113,tt0108778,tt3442006,tt1723121",tt4878482,tt4878482,6.5,36692,tt4878482,movie,Dumplin',Dumplin',0,2018,\N,110,"Comedy,Drama"
nm0000136,Johnny Depp,1963,\N,"actor,producer,soundtrack","tt0325980,tt0449088,tt0408236,tt0367594",tt0087800,tt0087800,7.4,258287,tt0087800,movie,A Nightmare on Elm Street,A Nightmare on Elm Street,0,1984,\N,91,Horror
nm0000136,Johnny Depp,1963,\N,"actor,producer,soundtrack","tt0325980,tt0449088,tt0408236,tt0367594",tt0089839,tt0089839,5.2,9060,tt0089839,movie,Private Resort,Private Resort,0,1985,\N,82,Comedy
nm0000136,Johnny Depp,1963,\N,"actor,producer,soundtrack","tt0325980,tt0449088,tt0408236,tt0367594",tt0099329,tt0099329,6.5,63939,tt0099329,movie,Cry-Baby,Cry-Baby,0,1990,\N,85,"Comedy,Musical"
nm0000136,Johnny Depp,1963,\N,"actor,producer,soundtrack","tt0325980,tt0449088,tt0408236,tt0367594",tt0099487,tt0099487,7.9,515557,tt0099487,movie,Edward Scissorhands,Edward Scissorhands,0,1990,\N,105,"Drama,Fantasy,Romance"
nm0000136,Johnny Depp,1963,\N,"actor,producer,soundtrack","tt0325980,tt0449088,tt0408236,tt0367594",tt0106307,tt0106307,7.2,45213,tt0106307,movie,Arizona Dream,Arizona Dream,0,1993,\N,142,"Comedy,Drama,Fantasy"
nm0000136,Johnny Depp,1963,\N,"actor,producer,soundtrack","tt0325980,tt0449088,tt0408236,tt0367594",tt0106387,tt0106387,7.1,61195,tt0106387,movie,Benny & Joon,Benny & Joon,0,1993,\N,98,"Comedy,Drama,Romance"
nm0000136,Johnny Depp,1963,\N,"actor,producer,soundtrack","tt0325980,tt0449088,tt0408236,tt0367594",tt0108550,tt0108550,7.7,250202,tt0108550,movie,What's Eating Gilbert Grape,What's Eating Gilbert Grape,0,1993,\N,118,Drama
nm0000136,Johnny Depp,1963,\N,"actor,producer,soundtrack","tt0325980,tt0449088,tt0408236,tt0367594",tt0109707,tt0109707,7.8,182302,tt0109707,movie,Ed Wood,Ed Wood,0,1994,\N,127,"Biography,Comedy,Drama"
nm0000136,Johnny Depp,1963,\N,"actor,producer,soundtrack","tt0325980,tt0449088,tt0408236,tt0367594",tt0112817,tt0112817,7.5,101883,tt0112817,movie,Dead Man,Dead Man,0,1995,\N,121,"Adventure,Drama,Fantasy"
nm0000136,Johnny Depp,1963,\N,"actor,producer,soundtrack","tt0325980,tt0449088,tt0408236,tt0367594",tt0112883,tt0112883,6.7,52785,tt0112883,movie,Don Juan DeMarco,Don Juan DeMarco,0,1994,\N,97,"Comedy,Drama,Romance"
nm0000136,Johnny Depp,1963,\N,"actor,producer,soundtrack","tt0325980,tt0449088,tt0408236,tt0367594",tt0113972,tt0113972,6.3,44686,tt0113972,movie,Nick of Time,Nick of Time,0,1995,\N,90,"Action,Crime,Drama"
nm0000136,Johnny Depp,1963,\N,"actor,producer,soundtrack","tt0325980,tt0449088,tt0408236,tt0367594",tt0118768,tt0118768,6.1,10695,tt0118768,movie,The Brave,The Brave,0,1997,\N,123,Drama
nm0000136,Johnny Depp,1963,\N,"actor,producer,soundtrack","tt0325980,tt0449088,tt0408236,tt0367594",tt0119008,tt0119008,7.7,326256,tt0119008,movie,Donnie Brasco,Donnie Brasco,0,1997,\N,127,"Biography,Crime,Drama"
nm0000136,Johnny Depp,1963,\N,"actor,producer,soundtrack","tt0325980,tt0449088,tt0408236,tt0367594",tt0120669,tt0120669,7.5,297579,tt0120669,movie,Fear and Loathing in Las Vegas,Fear and Loathing in Las Vegas,0,1998,\N,118,"Adventure,Comedy,Drama"
nm0000136,Johnny Depp,1963,\N,"actor,producer,soundtrack","tt0325980,tt0449088,tt0408236,tt0367594",tt0120681,tt0120681,6.7,162598,tt0120681,movie,From Hell,From Hell,0,2001,\N,122,"Horror,Mystery,Thriller"
nm0000136,Johnny Depp,1963,\N,"actor,producer,soundtrack","tt0325980,tt0449088,tt0408236,tt0367594",tt0121164,tt0121164,7.4,294132,tt0121164,movie,Corpse Bride,Corpse Bride,0,2005,\N,77,"Animation,Drama,Family"
nm0000136,Johnny Depp,1963,\N,"actor,producer,soundtrack","tt0325980,tt0449088,tt0408236,tt0367594",tt0138304,tt0138304,5.4,57039,tt0138304,movie,The Astronaut's Wife,The Astronaut's Wife,0,1999,\N,109,"Drama,Sci-Fi,Thriller"
nm0000136,Johnny Depp,1963,\N,"actor,producer,soundtrack","tt0325980,tt0449088,tt0408236,tt0367594",tt0142688,tt0142688,6.7,194571,tt0142688,movie,The Ninth Gate,The Ninth Gate,0,1999,\N,133,"Mystery,Thriller"
nm0000136,Johnny Depp,1963,\N,"actor,producer,soundtrack","tt0325980,tt0449088,tt0408236,tt0367594",tt0162661,tt0162661,7.3,379232,tt0162661,movie,Sleepy Hollow,Sleepy Hollow,0,1999,\N,105,"Fantasy,Horror,Mystery"
nm0000136,Johnny Depp,1963,\N,"actor,producer,soundtrack","tt0325980,tt0449088,tt0408236,tt0367594",tt0181833,tt0181833,7.2,839,tt0181833,movie,The Source,The Source: The Story of the Beats and the Beat Generation,0,1999,\N,88,"Biography,Documentary,History"
nm0000136,Johnny Depp,1963,\N,"actor,producer,soundtrack","tt0325980,tt0449088,tt0408236,tt0367594",tt0221027,tt0221027,7.5,271772,tt0221027,movie,Blow,Blow,0,2001,\N,124,"Biography,Crime,Drama"
nm0000136,Johnny Depp,1963,\N,"actor,producer,soundtrack","tt0325980,tt0449088,tt0408236,tt0367594",tt0241303,tt0241303,7.3,199334,tt0241303,movie,Chocolat,Chocolat,0,2000,\N,121,"Drama,Romance"
nm0000136,Johnny Depp,1963,\N,"actor,producer,soundtrack","tt0325980,tt0449088,tt0408236,tt0367594",tt0247196,tt0247196,7.1,26163,tt0247196,movie,Before Night Falls,Before Night Falls,0,2000,\N,133,"Biography,Drama,Romance"
nm0000136,Johnny Depp,1963,\N,"actor,producer,soundtrack","tt0325980,tt0449088,tt0408236,tt0367594",tt0285823,tt0285823,6.3,168053,tt0285823,movie,Once Upon a Time in Mexico,Once Upon a Time in Mexico,0,2003,\N,102,"Action,Crime,Thriller"
nm0000136,Johnny Depp,1963,\N,"actor,producer,soundtrack","tt0325980,tt0449088,tt0408236,tt0367594",tt0308644,tt0308644,7.7,210809,tt0308644,movie,Finding Neverland,Finding Neverland,0,2004,\N,106,"Biography,Drama,Family"
nm0000136,Johnny Depp,1963,\N,"actor,producer,soundtrack","tt0325980,tt0449088,tt0408236,tt0367594",tt0325980,tt0325980,8.1,1186432,tt0325980,movie,Pirates of the Caribbean: The Curse of the Black Pearl,Pirates of the Caribbean: The Curse of the Black Pearl,0,2003,\N,143,"Action,Adventure,Fantasy"
nm0000136,Johnny Depp,1963,\N,"actor,producer,soundtrack","tt0325980,tt0449088,tt0408236,tt0367594",tt0363988,tt0363988,6.5,206942,tt0363988,movie,Secret Window,Secret Window,0,2004,\N,96,"Drama,Mystery,Thriller"
nm0000136,Johnny Depp,1963,\N,"actor,producer,soundtrack","tt0325980,tt0449088,tt0408236,tt0367594",tt0367594,tt0367594,6.7,513266,tt0367594,movie,Charlie and the Chocolate Factory,Charlie and the Chocolate Factory,0,2005,\N,115,"Adventure,Comedy,Family"
nm0000136,Johnny Depp,1963,\N,"actor,producer,soundtrack","tt0325980,tt0449088,tt0408236,tt0367594",tt0375920,tt0375920,6.2,37479,tt0375920,movie,The Libertine,The Libertine,0,2004,\N,114,"Biography,Drama,History"
nm0000136,Johnny Depp,1963,\N,"actor,producer,soundtrack","tt0325980,tt0449088,tt0408236,tt0367594",tt0376136,tt0376136,6.1,107450,tt0376136,movie,The Rum Diary,The Rum Diary,0,2011,\N,119,"Comedy,Drama"
nm0000136,Johnny Depp,1963,\N,"actor,producer,soundtrack","tt0325980,tt0449088,tt0408236,tt0367594",tt0381270,tt0381270,6.4,5406,tt0381270,movie,Happily Ever After,Ils se marièrent et eurent beaucoup d'enfants,0,2004,\N,100,"Comedy,Drama,Music"
nm0000136,Johnny Depp,1963,\N,"actor,producer,soundtrack","tt0325980,tt0449088,tt0408236,tt0367594",tt0383574,tt0383574,7.4,754440,tt0383574,movie,Pirates of the Caribbean: Dead Man's Chest,Pirates of the Caribbean: Dead Man's Chest,0,2006,\N,151,"Action,Adventure,Fantasy"
nm0000136,Johnny Depp,1963,\N,"actor,producer,soundtrack","tt0325980,tt0449088,tt0408236,tt0367594",tt0408236,tt0408236,7.3,382691,tt0408236,movie,Sweeney Todd: The Demon Barber of Fleet Street,Sweeney Todd: The Demon Barber of Fleet Street,0,2007,\N,116,"Drama,Horror,Musical"
nm0000136,Johnny Depp,1963,\N,"actor,producer,soundtrack","tt0325980,tt0449088,tt0408236,tt0367594",tt0449088,tt0449088,7.1,681989,tt0449088,movie,Pirates of the Caribbean: At World's End,Pirates of the Caribbean: At World's End,0,2007,\N,169,"Action,Adventure,Fantasy"
nm0000136,Johnny Depp,1963,\N,"actor,producer,soundtrack","tt0325980,tt0449088,tt0408236,tt0367594",tt1014759,tt1014759,6.4,434586,tt1014759,movie,Alice in Wonderland,Alice in Wonderland,0,2010,\N,108,"Adventure,Family,Fantasy"
nm0000136,Johnny Depp,1963,\N,"actor,producer,soundtrack","tt0325980,tt0449088,tt0408236,tt0367594",tt1077368,tt1077368,6.2,277425,tt1077368,movie,Dark Shadows,Dark Shadows,0,2012,\N,113,"Comedy,Fantasy,Horror"
nm0000136,Johnny Depp,1963,\N,"actor,producer,soundtrack","tt0325980,tt0449088,tt0408236,tt0367594",tt1152836,tt1152836,7.0,315023,tt1152836,movie,Public Enemies,Public Enemies,0,2009,\N,140,"Action,Biography,Crime"
nm0000136,Johnny Depp,1963,\N,"actor,producer,soundtrack","tt0325980,tt0449088,tt0408236,tt0367594",tt1192628,tt1192628,7.3,287706,tt1192628,movie,Rango,Rango,0,2011,\N,107,"Action,Adventure,Animation"
nm0000136,Johnny Depp,1963,\N,"actor,producer,soundtrack","tt0325980,tt0449088,tt0408236,tt0367594",tt1210819,tt1210819,6.4,242339,tt1210819,movie,The Lone Ranger,The Lone Ranger,0,2013,\N,150,"Action,Adventure,Western"
nm0000136,Johnny Depp,1963,\N,"actor,producer,soundtrack","tt0325980,tt0449088,tt0408236,tt0367594",tt1243957,tt1243957,6.0,253432,tt1243957,movie,The Tourist,The Tourist,0,2010,\N,103,"Action,Thriller"
nm0001401,Angelina Jolie,1975,\N,"actress,producer,director","tt0944835,tt1587310,tt0824747,tt0172493",tt1243957,tt1243957,6.0,253432,tt1243957,movie,The Tourist,The Tourist,0,2010,\N,103,"Action,Thriller"
nm0000136,Johnny Depp,1963,\N,"actor,producer,soundtrack","tt0325980,tt0449088,tt0408236,tt0367594",tt1298650,tt1298650,6.6,554480,tt1298650,movie,Pirates of the Caribbean: On Stranger Tides,Pirates of the Caribbean: On Stranger Tides,0,2011,\N,137,"Action,Adventure,Fantasy"
nm0000136,Johnny Depp,1963,\N,"actor,producer,soundtrack","tt0325980,tt0449088,tt0408236,tt0367594",tt1333667,tt1333667,7.6,10184,tt1333667,movie,When You're Strange,When You're Strange,0,2009,\N,86,"Documentary,Music"
nm0000136,Johnny Depp,1963,\N,"actor,producer,soundtrack","tt0325980,tt0449088,tt0408236,tt0367594",tt1355683,tt1355683,6.9,189980,tt1355683,movie,Black Mass,Black Mass,0,2015,\N,123,"Biography,Crime,Drama"
nm0000136,Johnny Depp,1963,\N,"actor,producer,soundtrack","tt0325980,tt0449088,tt0408236,tt0367594",tt17277414,tt17277414,6.7,8381,tt17277414,movie,Jeanne du Barry,Jeanne du Barry,0,2023,\N,113,"Biography,Drama,History"
nm0000136,Johnny Depp,1963,\N,"actor,producer,soundtrack","tt0325980,tt0449088,tt0408236,tt0367594",tt1790809,tt1790809,6.5,337006,tt1790809,movie,Pirates of the Caribbean: Dead Men Tell No Tales,Pirates of the Caribbean: Dead Men Tell No Tales,0,2017,\N,129,"Action,Adventure,Fantasy"
nm0000136,Johnny Depp,1963,\N,"actor,producer,soundtrack","tt0325980,tt0449088,tt0408236,tt0367594",tt2209764,tt2209764,6.2,236756,tt2209764,movie,Transcendence,Transcendence,0,2014,\N,119,"Action,Drama,Sci-Fi"
nm0000136,Johnny Depp,1963,\N,"actor,producer,soundtrack","tt0325980,tt0449088,tt0408236,tt0367594",tt2296777,tt2296777,5.2,13734,tt2296777,movie,Sherlock Gnomes,Sherlock Gnomes,0,2018,\N,86,"Adventure,Animation,Comedy"
nm0000136,Johnny Depp,1963,\N,"actor,producer,soundtrack","tt0325980,tt0449088,tt0408236,tt0367594",tt2567026,tt2567026,6.2,119271,tt2567026,movie,Alice Through the Looking Glass,Alice Through the Looking Glass,0,2016,\N,113,"Adventure,Family,Fantasy"
nm0000136,Johnny Depp,1963,\N,"actor,producer,soundtrack","tt0325980,tt0449088,tt0408236,tt0367594",tt2677722,tt2677722,6.5,18308,tt2677722,movie,City of Lies,City of Lies,0,2018,\N,112,"Biography,Crime,Drama"
nm0000136,Johnny Depp,1963,\N,"actor,producer,soundtrack","tt0325980,tt0449088,tt0408236,tt0367594",tt3045616,tt3045616,5.5,76058,tt3045616,movie,Mortdecai,Mortdecai,0,2015,\N,107,"Action,Adventure,Comedy"
nm0000136,Johnny Depp,1963,\N,"actor,producer,soundtrack","tt0325980,tt0449088,tt0408236,tt0367594",tt3838992,tt3838992,4.3,15238,tt3838992,movie,Yoga Hosers,Yoga Hosers,0,2016,\N,88,"Action,Comedy,Horror"
nm0000136,Johnny Depp,1963,\N,"actor,producer,soundtrack","tt0325980,tt0449088,tt0408236,tt0367594",tt4123430,tt4123430,6.5,302454,tt4123430,movie,Fantastic Beasts: The Crimes of Grindelwald,Fantastic Beasts: The Crimes of Grindelwald,0,2018,\N,134,"Adventure,Family,Fantasy"
nm0000136,Johnny Depp,1963,\N,"actor,producer,soundtrack","tt0325980,tt0449088,tt0408236,tt0367594",tt6149154,tt6149154,5.9,14181,tt6149154,movie,Waiting for the Barbarians,Waiting for the Barbarians,0,2019,\N,112,"Drama,History"
nm0000136,Johnny Depp,1963,\N,"actor,producer,soundtrack","tt0325980,tt0449088,tt0408236,tt0367594",tt6865690,tt6865690,6.7,36059,tt6865690,movie,The Professor,The Professor,0,2018,\N,90,"Comedy,Drama"
nm0000136,Johnny Depp,1963,\N,"actor,producer,soundtrack","tt0325980,tt0449088,tt0408236,tt0367594",tt7604980,tt7604980,7.4,634,tt7604980,movie,Rolling Stone: Stories from the Edge,Rolling Stone: Stories from the Edge,0,2017,\N,240,"Documentary,Music"
nm0000136,Johnny Depp,1963,\N,"actor,producer,soundtrack","tt0325980,tt0449088,tt0408236,tt0367594",tt9179096,tt9179096,7.2,22436,tt9179096,movie,Minamata,Minamata,0,2020,\N,115,Drama
nm0001401,Angelina Jolie,1975,\N,"actress,producer,director","tt0944835,tt1587310,tt0824747,tt0172493",tt0113243,tt0113243,6.2,73415,tt0113243,movie,Hackers,Hackers,0,1995,\N,105,"Crime,Drama,Romance"
nm0001401,Angelina Jolie,1975,\N,"actress,producer,director","tt0944835,tt1587310,tt0824747,tt0172493",tt0116353,tt0116353,6.1,9668,tt0116353,movie,Foxfire,Foxfire,0,1996,\N,102,"Drama,Romance"
nm0001401,Angelina Jolie,1975,\N,"actress,producer,director","tt0944835,tt1587310,tt0824747,tt0172493",tt0117070,tt0117070,5.2,2725,tt0117070,movie,Mojave Moon,Mojave Moon,0,1996,\N,95,"Comedy,Romance,Thriller"
nm0001401,Angelina Jolie,1975,\N,"actress,producer,director","tt0944835,tt1587310,tt0824747,tt0172493",tt0119906,tt0119906,5.6,7905,tt0119906,movie,Playing God,Playing God,0,1997,\N,94,"Crime,Drama,Thriller"
nm0001401,Angelina Jolie,1975,\N,"actress,producer,director","tt0944835,tt1587310,tt0824747,tt0172493",tt0120797,tt0120797,6.0,30258,tt0120797,movie,Pushing Tin,Pushing Tin,0,1999,\N,124,"Comedy,Drama,Romance"
nm0001401,Angelina Jolie,1975,\N,"actress,producer,director","tt0944835,tt1587310,tt0824747,tt0172493",tt0129136,tt0129136,4.6,2779,tt0129136,movie,Hell's Kitchen,Hell's Kitchen,0,1998,\N,95,"Crime,Drama"
nm0001401,Angelina Jolie,1975,\N,"actress,producer,director","tt0944835,tt1587310,tt0824747,tt0172493",tt0145681,tt0145681,6.7,181653,tt0145681,movie,The Bone Collector,The Bone Collector,0,1999,\N,118,"Crime,Drama,Mystery"
nm0001401,Angelina Jolie,1975,\N,"actress,producer,director","tt0944835,tt1587310,tt0824747,tt0172493",tt0146316,tt0146316,5.8,216776,tt0146316,movie,Lara Croft: Tomb Raider,Lara Croft: Tomb Raider,0,2001,\N,100,"Action,Adventure,Fantasy"
nm0001401,Angelina Jolie,1975,\N,"actress,producer,director","tt0944835,tt1587310,tt0824747,tt0172493",tt0172493,tt0172493,7.3,205911,tt0172493,movie,"Girl, Interrupted","Girl, Interrupted",0,1999,\N,127,"Biography,Drama"
nm0001401,Angelina Jolie,1975,\N,"actress,producer,director","tt0944835,tt1587310,tt0824747,tt0172493",tt0176326,tt0176326,3.9,1189,tt0176326,movie,Without Evidence,Without Evidence,0,1995,\N,99,"Drama,Thriller"
nm0001401,Angelina Jolie,1975,\N,"actress,producer,director","tt0944835,tt1587310,tt0824747,tt0172493",tt0187078,tt0187078,6.5,290787,tt0187078,movie,Gone in 60 Seconds,Gone in Sixty Seconds,0,2000,\N,118,"Action,Crime,Thriller"
nm0001401,Angelina Jolie,1975,\N,"actress,producer,director","tt0944835,tt1587310,tt0824747,tt0172493",tt0218922,tt0218922,6.0,59105,tt0218922,movie,Original Sin,Original Sin,0,2001,\N,116,"Drama,Mystery,Romance"
nm0001401,Angelina Jolie,1975,\N,"actress,producer,director","tt0944835,tt1587310,tt0824747,tt0172493",tt0282687,tt0282687,5.8,27747,tt0282687,movie,Life or Something Like It,Life or Something Like It,0,2002,\N,103,"Comedy,Romance"
nm0001401,Angelina Jolie,1975,\N,"actress,producer,director","tt0944835,tt1587310,tt0824747,tt0172493",tt0294357,tt0294357,6.4,28922,tt0294357,movie,Beyond Borders,Beyond Borders,0,2003,\N,127,"Adventure,Drama,Romance"
nm0001401,Angelina Jolie,1975,\N,"actress,producer,director","tt0944835,tt1587310,tt0824747,tt0172493",tt0307453,tt0307453,6.0,195562,tt0307453,movie,Shark Tale,Shark Tale,0,2004,\N,90,"Adventure,Animation,Comedy"
nm0001401,Angelina Jolie,1975,\N,"actress,producer,director","tt0944835,tt1587310,tt0824747,tt0172493",tt0325703,tt0325703,5.5,143501,tt0325703,movie,Lara Croft: Tomb Raider - The Cradle of Life,Lara Croft: Tomb Raider - The Cradle of Life,0,2003,\N,117,"Action,Adventure,Fantasy"
nm0001401,Angelina Jolie,1975,\N,"actress,producer,director","tt0944835,tt1587310,tt0824747,tt0172493",tt0343737,tt0343737,6.7,106971,tt0343737,movie,The Good Shepherd,The Good Shepherd,0,2006,\N,167,"Drama,History,Thriller"
nm0001401,Angelina Jolie,1975,\N,"actress,producer,director","tt0944835,tt1587310,tt0824747,tt0172493",tt0346156,tt0346156,6.1,86893,tt0346156,movie,Sky Captain and the World of Tomorrow,Sky Captain and the World of Tomorrow,0,2004,\N,106,"Action,Adventure,Mystery"
nm0001401,Angelina Jolie,1975,\N,"actress,producer,director","tt0944835,tt1587310,tt0824747,tt0172493",tt0346491,tt0346491,5.6,174917,tt0346491,movie,Alexander,Alexander,0,2004,\N,175,"Action,Biography,Drama"
nm0001401,Angelina Jolie,1975,\N,"actress,producer,director","tt0944835,tt1587310,tt0824747,tt0172493",tt0356910,tt0356910,6.5,527822,tt0356910,movie,Mr. & Mrs. Smith,Mr. & Mrs. Smith,0,2005,\N,120,"Action,Comedy,Crime"
nm0001401,Angelina Jolie,1975,\N,"actress,producer,director","tt0944835,tt1587310,tt0824747,tt0172493",tt0364045,tt0364045,6.2,94314,tt0364045,movie,Taking Lives,Taking Lives,0,2004,\N,103,"Crime,Mystery,Thriller"
nm0001401,Angelina Jolie,1975,\N,"actress,producer,director","tt0944835,tt1587310,tt0824747,tt0172493",tt0441773,tt0441773,7.6,504748,tt0441773,movie,Kung Fu Panda,Kung Fu Panda,0,2008,\N,92,"Action,Adventure,Animation"
nm0001401,Angelina Jolie,1975,\N,"actress,producer,director","tt0944835,tt1587310,tt0824747,tt0172493",tt0442933,tt0442933,6.3,172678,tt0442933,movie,Beowulf,Beowulf,0,2007,\N,115,"Action,Adventure,Animation"
nm0001401,Angelina Jolie,1975,\N,"actress,producer,director","tt0944835,tt1587310,tt0824747,tt0172493",tt0493464,tt0493464,6.7,404204,tt0493464,movie,Wanted,Wanted,0,2008,\N,110,"Action,Crime,Thriller"
nm0001401,Angelina Jolie,1975,\N,"actress,producer,director","tt0944835,tt1587310,tt0824747,tt0172493",tt0824747,tt0824747,7.8,263173,tt0824747,movie,Changeling,Changeling,0,2008,\N,141,"Biography,Crime,Drama"
nm0001401,Angelina Jolie,1975,\N,"actress,producer,director","tt0944835,tt1587310,tt0824747,tt0172493",tt0829459,tt0829459,6.6,28133,tt0829459,movie,A Mighty Heart,A Mighty Heart,0,2007,\N,108,"Biography,Drama,History"
nm0001401,Angelina Jolie,1975,\N,"actress,producer,director","tt0944835,tt1587310,tt0824747,tt0172493",tt0944835,tt0944835,6.4,326699,tt0944835,movie,Salt,Salt,0,2010,\N,100,"Action,Thriller"
nm0001401,Angelina Jolie,1975,\N,"actress,producer,director","tt0944835,tt1587310,tt0824747,tt0172493",tt1302011,tt1302011,7.2,309013,tt1302011,movie,Kung Fu Panda 2,Kung Fu Panda 2,0,2011,\N,90,"Action,Adventure,Animation"
nm0001401,Angelina Jolie,1975,\N,"actress,producer,director","tt0944835,tt1587310,tt0824747,tt0172493",tt1587310,tt1587310,6.9,394972,tt1587310,movie,Maleficent,Maleficent,0,2014,\N,97,"Action,Adventure,Drama"
nm0001401,Angelina Jolie,1975,\N,"actress,producer,director","tt0944835,tt1587310,tt0824747,tt0172493",tt2267968,tt2267968,7.1,178376,tt2267968,movie,Kung Fu Panda 3,Kung Fu Panda 3,0,2016,\N,95,"Action,Adventure,Animation"
nm0001401,Angelina Jolie,1975,\N,"actress,producer,director","tt0944835,tt1587310,tt0824747,tt0172493",tt3215824,tt3215824,6.0,69262,tt3215824,movie,Those Who Wish Me Dead,Those Who Wish Me Dead,0,2021,\N,100,"Action,Drama,Thriller"
nm0001401,Angelina Jolie,1975,\N,"actress,producer,director","tt0944835,tt1587310,tt0824747,tt0172493",tt3707106,tt3707106,5.3,22315,tt3707106,movie,By the Sea,By the Sea,0,2015,\N,122,"Drama,Romance"
nm0001401,Angelina Jolie,1975,\N,"actress,producer,director","tt0944835,tt1587310,tt0824747,tt0172493",tt4777008,tt4777008,6.6,116025,tt4777008,movie,Maleficent: Mistress of Evil,Maleficent: Mistress of Evil,0,2019,\N,119,"Adventure,Family,Fantasy"
nm0001401,Angelina Jolie,1975,\N,"actress,producer,director","tt0944835,tt1587310,tt0824747,tt0172493",tt9032400,tt9032400,6.3,375368,tt9032400,movie,Eternals,Eternals,0,2021,\N,156,"Action,Adventure,Fantasy"
nm0001426,Ben Kingsley,1943,\N,"actor,soundtrack,producer","tt0083987,tt0108052,tt0203119,tt1300854",tt0083987,tt0083987,8.0,238386,tt0083987,movie,Gandhi,Gandhi,0,1982,\N,191,"Biography,Drama,History"
nm0001426,Ben Kingsley,1943,\N,"actor,soundtrack,producer","tt0083987,tt0108052,tt0203119,tt1300854",tt0085234,tt0085234,6.9,1718,tt0085234,movie,Betrayal,Betrayal,0,1983,\N,95,"Drama,Thriller"
nm0001426,Ben Kingsley,1943,\N,"actor,soundtrack,producer","tt0083987,tt0108052,tt0203119,tt1300854",tt0089256,tt0089256,4.7,792,tt0089256,movie,Harem,Harem,0,1985,\N,113,Drama
nm0001426,Ben Kingsley,1943,\N,"actor,soundtrack,producer","tt0083987,tt0108052,tt0203119,tt1300854",tt0090219,tt0090219,6.8,819,tt0090219,movie,Turtle Diary,Turtle Diary,0,1985,\N,97,"Comedy,Drama,Romance"
nm0001426,Ben Kingsley,1943,\N,"actor,soundtrack,producer","tt0083987,tt0108052,tt0203119,tt1300854",tt0095827,tt0095827,6.7,1451,tt0095827,movie,Pascali's Island,Pascali's Island,0,1988,\N,104,Drama
nm0001426,Ben Kingsley,1943,\N,"actor,soundtrack,producer","tt0083987,tt0108052,tt0203119,tt1300854",tt0096250,tt0096250,7.0,282,tt0096250,movie,Testimony,Testimony,0,1987,\N,157,"Biography,Drama,History"
nm0001426,Ben Kingsley,1943,\N,"actor,soundtrack,producer","tt0083987,tt0108052,tt0203119,tt1300854",tt0096454,tt0096454,6.9,10962,tt0096454,movie,Without a Clue,Without a Clue,0,1988,\N,107,"Comedy,Crime,Mystery"
nm0001426,Ben Kingsley,1943,\N,"actor,soundtrack,producer","tt0083987,tt0108052,tt0203119,tt1300854",tt0099255,tt0099255,6.6,125,tt0099255,movie,The Children,The Children,0,1990,\N,115,Drama
nm0001426,Ben Kingsley,1943,\N,"actor,soundtrack,producer","tt0083987,tt0108052,tt0203119,tt1300854",tt0099568,tt0099568,5.1,138,tt0099568,movie,O Quinto Macaco,O Quinto Macaco,0,1990,\N,95,Drama
nm0001426,Ben Kingsley,1943,\N,"actor,soundtrack,producer","tt0083987,tt0108052,tt0203119,tt1300854",tt0100878,tt0100878,7.4,122,tt0100878,movie,Cellini: A Violent Life,Una vita scellerata,0,1990,\N,118,"Biography,Drama,History"
nm0001426,Ben Kingsley,1943,\N,"actor,soundtrack,producer","tt0083987,tt0108052,tt0203119,tt1300854",tt0101337,tt0101337,5.3,76,tt0101337,movie,L'amore necessario,L'amore necessario,0,1991,\N,90,"Comedy,Drama"
nm0001426,Ben Kingsley,1943,\N,"actor,soundtrack,producer","tt0083987,tt0108052,tt0203119,tt1300854",tt0101516,tt0101516,6.8,30577,tt0101516,movie,Bugsy,Bugsy,0,1991,\N,136,"Biography,Crime,Drama"
nm0001426,Ben Kingsley,1943,\N,"actor,soundtrack,producer","tt0083987,tt0108052,tt0203119,tt1300854",tt0104298,tt0104298,5.2,799,tt0104298,movie,Freddie as F.R.O.7.,Freddie as F.R.O.7.,0,1992,\N,91,"Adventure,Animation,Comedy"
nm0001426,Ben Kingsley,1943,\N,"actor,soundtrack,producer","tt0083987,tt0108052,tt0203119,tt1300854",tt0108052,tt0108052,9.0,1422164,tt0108052,movie,Schindler's List,Schindler's List,0,1993,\N,195,"Biography,Drama,History"
nm0001426,Ben Kingsley,1943,\N,"actor,soundtrack,producer","tt0083987,tt0108052,tt0203119,tt1300854",tt0108065,tt0108065,7.4,41831,tt0108065,movie,Searching for Bobby Fischer,Searching for Bobby Fischer,0,1993,\N,109,"Biography,Drama,Sport"
nm0001426,Ben Kingsley,1943,\N,"actor,soundtrack,producer","tt0083987,tt0108052,tt0203119,tt1300854",tt0109579,tt0109579,7.2,26355,tt0109579,movie,Death and the Maiden,Death and the Maiden,0,1994,\N,103,"Drama,Mystery,Thriller"
nm0001426,Ben Kingsley,1943,\N,"actor,soundtrack,producer","tt0083987,tt0108052,tt0203119,tt1300854",tt0110341,tt0110341,6.9,116,tt0110341,movie,Liberation,Liberation,0,1994,\N,100,"Documentary,History,War"
nm0001426,Ben Kingsley,1943,\N,"actor,soundtrack,producer","tt0083987,tt0108052,tt0203119,tt1300854",tt0114508,tt0114508,5.9,84167,tt0114508,movie,Species,Species,0,1995,\N,108,"Action,Horror,Sci-Fi"
nm0001426,Ben Kingsley,1943,\N,"actor,soundtrack,producer","tt0083987,tt0108052,tt0203119,tt1300854",tt0118647,tt0118647,6.8,9862,tt0118647,movie,The Assignment,The Assignment,0,1997,\N,119,"Action,Crime,Thriller"
nm0001426,Ben Kingsley,1943,\N,"actor,soundtrack,producer","tt0083987,tt0108052,tt0203119,tt1300854",tt0119893,tt0119893,6.8,2827,tt0119893,movie,Photographing Fairies,Photographing Fairies,0,1997,\N,106,"Drama,Fantasy,Mystery"
nm0001426,Ben Kingsley,1943,\N,"actor,soundtrack,producer","tt0083987,tt0108052,tt0203119,tt1300854",tt0128137,tt0128137,6.0,2729,tt0128137,movie,The Confession,The Confession,0,1999,\N,114,"Drama,Thriller"
nm0001426,Ben Kingsley,1943,\N,"actor,soundtrack,producer","tt0083987,tt0108052,tt0203119,tt1300854",tt0160797,tt0160797,6.4,49842,tt0160797,movie,Rules of Engagement,Rules of Engagement,0,2000,\N,128,"Drama,Thriller,War"
nm0001426,Ben Kingsley,1943,\N,"actor,soundtrack,producer","tt0083987,tt0108052,tt0203119,tt1300854",tt0160905,tt0160905,5.1,629,tt0160905,movie,Spooky House,Spooky House,0,2001,\N,106,"Comedy,Family"
nm0001426,Ben Kingsley,1943,\N,"actor,soundtrack,producer","tt0083987,tt0108052,tt0203119,tt1300854",tt0167456,tt0167456,4.3,14354,tt0167456,movie,Thunderbirds,Thunderbirds,0,2004,\N,95,"Action,Adventure,Comedy"
nm0001426,Ben Kingsley,1943,\N,"actor,soundtrack,producer","tt0083987,tt0108052,tt0203119,tt1300854",tt0203119,tt0203119,7.3,65449,tt0203119,movie,Sexy Beast,Sexy Beast,0,2000,\N,89,"Crime,Drama,Thriller"
nm0001426,Ben Kingsley,1943,\N,"actor,soundtrack,producer","tt0083987,tt0108052,tt0203119,tt1300854",tt0221186,tt0221186,8.1,60,tt0221186,movie,A Force More Powerful,A Force More Powerful,0,1999,\N,110,Documentary
nm0001426,Ben Kingsley,1943,\N,"actor,soundtrack,producer","tt0083987,tt0108052,tt0203119,tt1300854",tt0223898,tt0223898,6.9,51,tt0223898,movie,Peace Is Every Step: Meditation in Action: The Life and Work of Thich Nhat Hanh,Peace Is Every Step: Meditation in Action: The Life and Work of Thich Nhat Hanh,0,1998,\N,60,Documentary
nm0001426,Ben Kingsley,1943,\N,"actor,soundtrack,producer","tt0083987,tt0108052,tt0203119,tt1300854",tt0253840,tt0253840,5.8,1623,tt0253840,movie,The Triumph of Love,The Triumph of Love,0,2001,\N,112,"Comedy,Romance"
nm0001426,Ben Kingsley,1943,\N,"actor,soundtrack,producer","tt0083987,tt0108052,tt0203119,tt1300854",tt0309720,tt0309720,7.9,757,tt0309720,movie,Islam: Empire of Faith,Islam: Empire of Faith,0,2000,\N,160,"Documentary,History"
nm0001426,Ben Kingsley,1943,\N,"actor,soundtrack,producer","tt0083987,tt0108052,tt0203119,tt1300854",tt0315983,tt0315983,7.5,71558,tt0315983,movie,House of Sand and Fog,House of Sand and Fog,0,2003,\N,126,"Crime,Drama"
nm0001426,Ben Kingsley,1943,\N,"actor,soundtrack,producer","tt0083987,tt0108052,tt0203119,tt1300854",tt0318081,tt0318081,4.2,20359,tt0318081,movie,A Sound of Thunder,A Sound of Thunder,0,2005,\N,110,"Action,Adventure,Horror"
nm0001426,Ben Kingsley,1943,\N,"actor,soundtrack,producer","tt0083987,tt0108052,tt0203119,tt1300854",tt0324127,tt0324127,5.8,20539,tt0324127,movie,Suspect Zero,Suspect Zero,0,2004,\N,99,"Crime,Horror,Mystery"
nm0001426,Ben Kingsley,1943,\N,"actor,soundtrack,producer","tt0083987,tt0108052,tt0203119,tt1300854",tt0380599,tt0380599,6.8,33974,tt0380599,movie,Oliver Twist,Oliver Twist,0,2005,\N,130,"Crime,Drama"
nm0001426,Ben Kingsley,1943,\N,"actor,soundtrack,producer","tt0083987,tt0108052,tt0203119,tt1300854",tt0383222,tt0383222,3.0,36907,tt0383222,movie,BloodRayne,BloodRayne,0,2005,\N,95,"Action,Fantasy,Horror"
nm0001426,Ben Kingsley,1943,\N,"actor,soundtrack,producer","tt0083987,tt0108052,tt0203119,tt1300854",tt0384638,tt0384638,7.7,101,tt0384638,movie,Unlikely Heroes,Unlikely Heroes,0,2003,\N,120,"Documentary,History"
nm0001426,Ben Kingsley,1943,\N,"actor,soundtrack,producer","tt0083987,tt0108052,tt0203119,tt1300854",tt0425210,tt0425210,7.7,322892,tt0425210,movie,Lucky Number Slevin,Lucky Number Slevin,0,2006,\N,110,"Crime,Drama,Thriller"
nm0001426,Ben Kingsley,1943,\N,"actor,soundtrack,producer","tt0083987,tt0108052,tt0203119,tt1300854",tt0462396,tt0462396,5.4,36853,tt0462396,movie,The Last Legion,The Last Legion,0,2007,\N,101,"Action,Adventure,History"
nm0001426,Ben Kingsley,1943,\N,"actor,soundtrack,producer","tt0083987,tt0108052,tt0203119,tt1300854",tt0473075,tt0473075,6.6,300700,tt0473075,movie,Prince of Persia: The Sands of Time,Prince of Persia: The Sands of Time,0,2010,\N,116,"Action,Adventure,Fantasy"
nm0001426,Ben Kingsley,1943,\N,"actor,soundtrack,producer","tt0083987,tt0108052,tt0203119,tt1300854",tt0787474,tt0787474,6.8,60848,tt0787474,movie,The Boxtrolls,The Boxtrolls,0,2014,\N,96,"Adventure,Animation,Comedy"
nm0001426,Ben Kingsley,1943,\N,"actor,soundtrack,producer","tt0083987,tt0108052,tt0203119,tt1300854",tt0796375,tt0796375,6.4,18873,tt0796375,movie,You Kill Me,You Kill Me,0,2007,\N,93,"Comedy,Crime,Romance"
nm0001426,Ben Kingsley,1943,\N,"actor,soundtrack,producer","tt0083987,tt0108052,tt0203119,tt1300854",tt0800241,tt0800241,6.6,54323,tt0800241,movie,Transsiberian,Transsiberian,0,2008,\N,111,"Crime,Drama,Mystery"
nm0001426,Ben Kingsley,1943,\N,"actor,soundtrack,producer","tt0083987,tt0108052,tt0203119,tt1300854",tt0955411,tt0955411,2.9,2503,tt0955411,movie,The Ten Commandments,The Ten Commandments,0,2007,\N,88,"Animation,Family,History"
nm0001426,Ben Kingsley,1943,\N,"actor,soundtrack,producer","tt0083987,tt0108052,tt0203119,tt1300854",tt0970179,tt0970179,7.5,333694,tt0970179,movie,Hugo,Hugo,0,2011,\N,126,"Adventure,Drama,Family"
nm0001426,Ben Kingsley,1943,\N,"actor,soundtrack,producer","tt0083987,tt0108052,tt0203119,tt1300854",tt0974554,tt0974554,6.7,23082,tt0974554,movie,Elegy,Elegy,0,2008,\N,112,"Drama,Romance"
nm0001426,Ben Kingsley,1943,\N,"actor,soundtrack,producer","tt0083987,tt0108052,tt0203119,tt1300854",tt1082886,tt1082886,6.9,31157,tt1082886,movie,The Wackness,The Wackness,0,2008,\N,99,"Comedy,Drama,Romance"
nm0001426,Ben Kingsley,1943,\N,"actor,soundtrack,producer","tt0083987,tt0108052,tt0203119,tt1300854",tt1091821,tt1091821,4.5,290,tt1091821,movie,Noah,Noah,0,2012,\N,137,Animation
nm0001426,Ben Kingsley,1943,\N,"actor,soundtrack,producer","tt0083987,tt0108052,tt0203119,tt1300854",tt1097643,tt1097643,6.8,11534,tt1097643,movie,Fifty Dead Men Walking,Fifty Dead Men Walking,0,2008,\N,117,"Crime,Drama,Thriller"
nm0001426,Ben Kingsley,1943,\N,"actor,soundtrack,producer","tt0083987,tt0108052,tt0203119,tt1300854",tt1130884,tt1130884,8.2,1416400,tt1130884,movie,Shutter Island,Shutter Island,0,2010,\N,138,"Mystery,Thriller"
nm0001426,Ben Kingsley,1943,\N,"actor,soundtrack,producer","tt0083987,tt0108052,tt0203119,tt1300854",tt1515208,tt1515208,6.5,2578,tt1515208,movie,Walking with the Enemy,Walking with the Enemy,0,2013,\N,124,"Action,Drama,History"
nm0001426,Ben Kingsley,1943,\N,"actor,soundtrack,producer","tt0083987,tt0108052,tt0203119,tt1300854",tt1528100,tt1528100,6.0,175823,tt1528100,movie,Exodus: Gods and Kings,Exodus: Gods and Kings,0,2014,\N,150,"Action,Adventure,Drama"
nm0001426,Ben Kingsley,1943,\N,"actor,soundtrack,producer","tt0083987,tt0108052,tt0203119,tt1300854",tt1536458,tt1536458,7.5,229,tt1536458,movie,The Desert of Forbidden Art,The Desert of Forbidden Art,0,2010,\N,80,"Adventure,Biography,Documentary"
nm0001426,Ben Kingsley,1943,\N,"actor,soundtrack,producer","tt0083987,tt0108052,tt0203119,tt1300854",tt15428940,tt15428940,6.8,6857,tt15428940,movie,Jules,Jules,0,2023,\N,87,"Comedy,Drama,Sci-Fi"
nm0001426,Ben Kingsley,1943,\N,"actor,soundtrack,producer","tt0083987,tt0108052,tt0203119,tt1300854",tt1645170,tt1645170,6.4,328537,tt1645170,movie,The Dictator,The Dictator,0,2012,\N,83,Comedy
nm0001426,Ben Kingsley,1943,\N,"actor,soundtrack,producer","tt0083987,tt0108052,tt0203119,tt1300854",tt1727596,tt1727596,7.6,281,tt1727596,movie,Winston Churchill: Walking with Destiny,Winston Churchill: Walking with Destiny,0,2010,\N,101,"Biography,Documentary"
nm0001426,Ben Kingsley,1943,\N,"actor,soundtrack,producer","tt0083987,tt0108052,tt0203119,tt1300854",tt1785288,tt1785288,5.7,3433,tt1785288,movie,An Ordinary Man,An Ordinary Man,0,2017,\N,90,"Drama,Thriller,War"
nm0001426,Ben Kingsley,1943,\N,"actor,soundtrack,producer","tt0083987,tt0108052,tt0203119,tt1300854",tt2094856,tt2094856,6.6,63,tt2094856,movie,It Is No Dream,It Is No Dream,0,2012,\N,97,Documentary
nm0001426,Ben Kingsley,1943,\N,"actor,soundtrack,producer","tt0083987,tt0108052,tt0203119,tt1300854",tt2104837,tt2104837,4.5,2450,tt2104837,movie,A Common Man,A Common Man,0,2013,\N,86,"Action,Crime,Drama"
nm0001426,Ben Kingsley,1943,\N,"actor,soundtrack,producer","tt0083987,tt0108052,tt0203119,tt1300854",tt2126235,tt2126235,5.7,17174,tt2126235,movie,Collide,Collide,0,2016,\N,99,"Action,Crime,Thriller"
nm0001426,Ben Kingsley,1943,\N,"actor,soundtrack,producer","tt0083987,tt0108052,tt0203119,tt1300854",tt2140379,tt2140379,6.5,103065,tt2140379,movie,Self/less,Self/less,0,2015,\N,117,"Action,Mystery,Sci-Fi"
nm0001426,Ben Kingsley,1943,\N,"actor,soundtrack,producer","tt0083987,tt0108052,tt0203119,tt1300854",tt2145829,tt2145829,4.6,7621,tt2145829,movie,Robot Overlords,Robot Overlords,0,2014,\N,90,"Action,Adventure,Sci-Fi"
nm0001426,Ben Kingsley,1943,\N,"actor,soundtrack,producer","tt0083987,tt0108052,tt0203119,tt1300854",tt2845578,tt2845578,3.9,791,tt2845578,movie,War Story,War Story,0,2014,\N,90,Drama
nm0001426,Ben Kingsley,1943,\N,"actor,soundtrack,producer","tt0083987,tt0108052,tt0203119,tt1300854",tt3040964,tt3040964,7.4,288511,tt3040964,movie,The Jungle Book,The Jungle Book,0,2016,\N,106,"Adventure,Animation,Comedy"
nm0001426,Ben Kingsley,1943,\N,"actor,soundtrack,producer","tt0083987,tt0108052,tt0203119,tt1300854",tt3062976,tt3062976,6.4,8137,tt3062976,movie,Learning to Drive,Learning to Drive,0,2014,\N,90,"Comedy,Drama,Romance"
nm0001426,Ben Kingsley,1943,\N,"actor,soundtrack,producer","tt0083987,tt0108052,tt0203119,tt1300854",tt3501112,tt3501112,5.7,21357,tt3501112,movie,Security,Security,0,2017,\N,88,"Action,Crime,Thriller"
nm0001426,Ben Kingsley,1943,\N,"actor,soundtrack,producer","tt0083987,tt0108052,tt0203119,tt1300854",tt4943322,tt4943322,6.4,26536,tt4943322,movie,The Ottoman Lieutenant,The Ottoman Lieutenant,0,2017,\N,106,"Drama,War"
nm0001426,Ben Kingsley,1943,\N,"actor,soundtrack,producer","tt0083987,tt0108052,tt0203119,tt1300854",tt5153288,tt5153288,6.3,5772,tt5153288,movie,Backstabbing for Beginners,Backstabbing for Beginners,0,2018,\N,108,"Drama,History,Mystery"
nm0001426,Ben Kingsley,1943,\N,"actor,soundtrack,producer","tt0083987,tt0108052,tt0203119,tt1300854",tt5208252,tt5208252,6.6,47398,tt5208252,movie,Operation Finale,Operation Finale,0,2018,\N,122,"Biography,Drama,History"
nm0001426,Ben Kingsley,1943,\N,"actor,soundtrack,producer","tt0083987,tt0108052,tt0203119,tt1300854",tt6341066,tt6341066,5.9,2034,tt6341066,movie,Intrigo: Death of an Author,Intrigo: Death of an Author,0,2018,\N,106,"Crime,Drama,Mystery"
nm0001426,Ben Kingsley,1943,\N,"actor,soundtrack,producer","tt0083987,tt0108052,tt0203119,tt1300854",tt6533240,tt6533240,5.9,26128,tt6533240,movie,Night Hunter,Night Hunter,0,2018,\N,98,"Action,Thriller"
nm0001426,Ben Kingsley,1943,\N,"actor,soundtrack,producer","tt0083987,tt0108052,tt0203119,tt1300854",tt7466486,tt7466486,7.4,19,tt7466486,movie,The Medicine Buddha,The Medicine Buddha,0,2019,\N,110,Documentary
nm0001426,Ben Kingsley,1943,\N,"actor,soundtrack,producer","tt0083987,tt0108052,tt0203119,tt1300854",tt7942736,tt7942736,4.5,2062,tt7942736,movie,Spider in the Web,Spider in the Web,0,2019,\N,113,Thriller
nm0001426,Ben Kingsley,1943,\N,"actor,soundtrack,producer","tt0083987,tt0108052,tt0203119,tt1300854",tt8399658,tt8399658,5.9,1692,tt8399658,movie,Daliland,Dalíland,0,2022,\N,97,"Biography,Drama"
nm0001426,Ben Kingsley,1943,\N,"actor,soundtrack,producer","tt0083987,tt0108052,tt0203119,tt1300854",tt9376612,tt9376612,7.4,422497,tt9376612,movie,Shang-Chi and the Legend of the Ten Rings,Shang-Chi and the Legend of the Ten Rings,0,2021,\N,132,"Action,Adventure,Fantasy"
nm0424060,Scarlett Johansson,1984,\N,"actress,soundtrack,producer","tt0335266,tt1798709,tt1441395,tt0848228",tt0116985,tt0116985,6.6,2176,tt0116985,movie,Manny & Lo,Manny & Lo,0,1996,\N,88,"Comedy,Drama"
nm0424060,Scarlett Johansson,1984,\N,"actress,soundtrack,producer","tt0335266,tt1798709,tt1441395,tt0848228",tt0162346,tt0162346,7.3,125430,tt0162346,movie,Ghost World,Ghost World,0,2001,\N,111,"Comedy,Drama"
nm0424060,Scarlett Johansson,1984,\N,"actress,soundtrack,producer","tt0335266,tt1798709,tt1441395,tt0848228",tt0165396,tt0165396,4.2,1587,tt0165396,movie,My Brother the Pig,My Brother the Pig,0,1999,\N,92,"Comedy,Family,Fantasy"
nm0424060,Scarlett Johansson,1984,\N,"actress,soundtrack,producer","tt0335266,tt1798709,tt1441395,tt0848228",tt0221799,tt0221799,6.8,4547,tt0221799,movie,An American Rhapsody,An American Rhapsody,0,2001,\N,106,Drama
nm0424060,Scarlett Johansson,1984,\N,"actress,soundtrack,producer","tt0335266,tt1798709,tt1441395,tt0848228",tt0271367,tt0271367,5.5,59630,tt0271367,movie,Eight Legged Freaks,Eight Legged Freaks,0,2002,\N,99,"Action,Adventure,Comedy"
nm0424060,Scarlett Johansson,1984,\N,"actress,soundtrack,producer","tt0335266,tt1798709,tt1441395,tt0848228",tt0314498,tt0314498,5.7,26039,tt0314498,movie,The Perfect Score,The Perfect Score,0,2004,\N,93,"Comedy,Crime,Drama"
nm0424060,Scarlett Johansson,1984,\N,"actress,soundtrack,producer","tt0335266,tt1798709,tt1441395,tt0848228",tt0335119,tt0335119,6.9,81761,tt0335119,movie,Girl with a Pearl Earring,Girl with a Pearl Earring,0,2003,\N,100,"Biography,Drama,Romance"
nm0424060,Scarlett Johansson,1984,\N,"actress,soundtrack,producer","tt0335266,tt1798709,tt1441395,tt0848228",tt0335266,tt0335266,7.7,479601,tt0335266,movie,Lost in Translation,Lost in Translation,0,2003,\N,102,"Comedy,Drama"
nm0424060,Scarlett Johansson,1984,\N,"actress,soundtrack,producer","tt0335266,tt1798709,tt1441395,tt0848228",tt0369672,tt0369672,7.1,26982,tt0369672,movie,A Love Song for Bobby Long,A Love Song for Bobby Long,0,2004,\N,119,Drama
nm0424060,Scarlett Johansson,1984,\N,"actress,soundtrack,producer","tt0335266,tt1798709,tt1441395,tt0848228",tt0379306,tt0379306,6.5,13944,tt0379306,movie,A Good Woman,A Good Woman,0,2004,\N,93,"Comedy,Drama,Romance"
nm0424060,Scarlett Johansson,1984,\N,"actress,soundtrack,producer","tt0335266,tt1798709,tt1441395,tt0848228",tt0385267,tt0385267,6.5,56257,tt0385267,movie,In Good Company,In Good Company,0,2004,\N,110,"Comedy,Drama,Romance"
nm0424060,Scarlett Johansson,1984,\N,"actress,soundtrack,producer","tt0335266,tt1798709,tt1441395,tt0848228",tt0387877,tt0387877,5.6,76416,tt0387877,movie,The Black Dahlia,The Black Dahlia,0,2006,\N,121,"Crime,Drama,Mystery"
nm0424060,Scarlett Johansson,1984,\N,"actress,soundtrack,producer","tt0335266,tt1798709,tt1441395,tt0848228",tt0399201,tt0399201,6.8,324643,tt0399201,movie,The Island,The Island,0,2005,\N,136,"Action,Sci-Fi,Thriller"
nm0424060,Scarlett Johansson,1984,\N,"actress,soundtrack,producer","tt0335266,tt1798709,tt1441395,tt0848228",tt0416320,tt0416320,7.6,225879,tt0416320,movie,Match Point,Match Point,0,2005,\N,124,"Drama,Romance,Thriller"
nm0424060,Scarlett Johansson,1984,\N,"actress,soundtrack,producer","tt0335266,tt1798709,tt1441395,tt0848228",tt0457513,tt0457513,6.6,86855,tt0457513,movie,Scoop,Scoop,0,2006,\N,96,"Comedy,Crime,Fantasy"
nm0424060,Scarlett Johansson,1984,\N,"actress,soundtrack,producer","tt0335266,tt1798709,tt1441395,tt0848228",tt0467200,tt0467200,6.7,118523,tt0467200,movie,The Other Boleyn Girl,The Other Boleyn Girl,0,2008,\N,115,"Biography,Drama,History"
nm0424060,Scarlett Johansson,1984,\N,"actress,soundtrack,producer","tt0335266,tt1798709,tt1441395,tt0848228",tt0482571,tt0482571,8.5,1412246,tt0482571,movie,The Prestige,The Prestige,0,2006,\N,130,"Drama,Mystery,Sci-Fi"
nm0424060,Scarlett Johansson,1984,\N,"actress,soundtrack,producer","tt0335266,tt1798709,tt1441395,tt0848228",tt0489237,tt0489237,6.2,63276,tt0489237,movie,The Nanny Diaries,The Nanny Diaries,0,2007,\N,106,"Comedy,Drama,Romance"
nm0424060,Scarlett Johansson,1984,\N,"actress,soundtrack,producer","tt0335266,tt1798709,tt1441395,tt0848228",tt0497465,tt0497465,7.1,266263,tt0497465,movie,Vicky Cristina Barcelona,Vicky Cristina Barcelona,0,2008,\N,96,"Comedy,Drama,Romance"
nm0424060,Scarlett Johansson,1984,\N,"actress,soundtrack,producer","tt0335266,tt1798709,tt1441395,tt0848228",tt0831887,tt0831887,4.7,62504,tt0831887,movie,The Spirit,The Spirit,0,2008,\N,103,"Action,Crime,Fantasy"
nm0424060,Scarlett Johansson,1984,\N,"actress,soundtrack,producer","tt0335266,tt1798709,tt1441395,tt0848228",tt0848228,tt0848228,8.0,1442499,tt0848228,movie,The Avengers,The Avengers,0,2012,\N,143,"Action,Sci-Fi"
nm0424060,Scarlett Johansson,1984,\N,"actress,soundtrack,producer","tt0335266,tt1798709,tt1441395,tt0848228",tt0975645,tt0975645,6.8,78580,tt0975645,movie,Hitchcock,Hitchcock,0,2012,\N,98,"Biography,Drama,Romance"
nm0424060,Scarlett Johansson,1984,\N,"actress,soundtrack,producer","tt0335266,tt1798709,tt1441395,tt0848228",tt1219827,tt1219827,6.3,225125,tt1219827,movie,Ghost in the Shell,Ghost in the Shell,0,2017,\N,107,"Action,Crime,Drama"
nm0424060,Scarlett Johansson,1984,\N,"actress,soundtrack,producer","tt0335266,tt1798709,tt1441395,tt0848228",tt1389137,tt1389137,7.0,149848,tt1389137,movie,We Bought a Zoo,We Bought a Zoo,0,2011,\N,124,"Comedy,Drama,Family"
nm0424060,Scarlett Johansson,1984,\N,"actress,soundtrack,producer","tt0335266,tt1798709,tt1441395,tt0848228",tt14230388,tt14230388,6.6,90285,tt14230388,movie,Asteroid City,Asteroid City,0,2023,\N,105,"Comedy,Drama,Romance"
nm0424060,Scarlett Johansson,1984,\N,"actress,soundtrack,producer","tt0335266,tt1798709,tt1441395,tt0848228",tt1441395,tt1441395,6.3,153879,tt1441395,movie,Under the Skin,Under the Skin,0,2013,\N,108,"Drama,Horror,Mystery"
nm0424060,Scarlett Johansson,1984,\N,"actress,soundtrack,producer","tt0335266,tt1798709,tt1441395,tt0848228",tt1798709,tt1798709,8.0,654979,tt1798709,movie,Her,Her,0,2013,\N,126,"Drama,Romance,Sci-Fi"
nm0424060,Scarlett Johansson,1984,\N,"actress,soundtrack,producer","tt0335266,tt1798709,tt1441395,tt0848228",tt1843866,tt1843866,7.8,886311,tt1843866,movie,Captain America: The Winter Soldier,Captain America: The Winter Soldier,0,2014,\N,136,"Action,Adventure,Sci-Fi"
nm0424060,Scarlett Johansson,1984,\N,"actress,soundtrack,producer","tt0335266,tt1798709,tt1441395,tt0848228",tt2229499,tt2229499,6.5,245431,tt2229499,movie,Don Jon,Don Jon,0,2013,\N,90,"Comedy,Drama,Romance"
nm0424060,Scarlett Johansson,1984,\N,"actress,soundtrack,producer","tt0335266,tt1798709,tt1441395,tt0848228",tt2584384,tt2584384,7.9,428345,tt2584384,movie,Jojo Rabbit,Jojo Rabbit,0,2019,\N,108,"Comedy,Drama,War"
nm0424060,Scarlett Johansson,1984,\N,"actress,soundtrack,producer","tt0335266,tt1798709,tt1441395,tt0848228",tt27766499,tt27766499,7.1,16,tt27766499,movie,Catching Fire: The Story of Anita Pallenberg,Catching Fire: The Story of Anita Pallenberg,0,2023,\N,110,Documentary
nm0424060,Scarlett Johansson,1984,\N,"actress,soundtrack,producer","tt0335266,tt1798709,tt1441395,tt0848228",tt2872732,tt2872732,6.4,525168,tt2872732,movie,Lucy,Lucy,0,2014,\N,89,"Action,Sci-Fi,Thriller"
nm0424060,Scarlett Johansson,1984,\N,"actress,soundtrack,producer","tt0335266,tt1798709,tt1441395,tt0848228",tt2883512,tt2883512,7.3,227364,tt2883512,movie,Chef,Chef,0,2014,\N,114,"Adventure,Comedy,Drama"
nm0424060,Scarlett Johansson,1984,\N,"actress,soundtrack,producer","tt0335266,tt1798709,tt1441395,tt0848228",tt3470600,tt3470600,7.1,186148,tt3470600,movie,Sing,Sing,0,2016,\N,108,"Animation,Comedy,Family"
nm0424060,Scarlett Johansson,1984,\N,"actress,soundtrack,producer","tt0335266,tt1798709,tt1441395,tt0848228",tt3480822,tt3480822,6.7,414692,tt3480822,movie,Black Widow,Black Widow,0,2021,\N,134,"Action,Adventure,Sci-Fi"
nm0424060,Scarlett Johansson,1984,\N,"actress,soundtrack,producer","tt0335266,tt1798709,tt1441395,tt0848228",tt3498820,tt3498820,7.8,834716,tt3498820,movie,Captain America: Civil War,Captain America: Civil War,0,2016,\N,147,"Action,Sci-Fi"
nm0424060,Scarlett Johansson,1984,\N,"actress,soundtrack,producer","tt0335266,tt1798709,tt1441395,tt0848228",tt4799050,tt4799050,5.2,55052,tt4799050,movie,Rough Night,Rough Night,0,2017,\N,101,Comedy
nm0424060,Scarlett Johansson,1984,\N,"actress,soundtrack,producer","tt0335266,tt1798709,tt1441395,tt0848228",tt6467266,tt6467266,7.4,82037,tt6467266,movie,Sing 2,Sing 2,0,2021,\N,110,"Adventure,Animation,Comedy"
nm0424060,Scarlett Johansson,1984,\N,"actress,soundtrack,producer","tt0335266,tt1798709,tt1441395,tt0848228",tt7653254,tt7653254,7.9,337206,tt7653254,movie,Marriage Story,Marriage Story,0,2019,\N,137,"Drama,Romance"
nm0452860,Rinko Kikuchi,1981,\N,"actress,director,writer","tt0844286,tt1663662,tt0449467,tt3263614",tt0281214,tt0281214,6.8,211,tt0281214,movie,Hole in the Sky,Sora no ana,0,2001,\N,127,Drama
nm0452860,Rinko Kikuchi,1981,\N,"actress,director,writer","tt0844286,tt1663662,tt0449467,tt3263614",tt0309703,tt0309703,6.9,131,tt0309703,movie,Ikitai,Ikitai,0,1999,\N,119,Drama
nm0452860,Rinko Kikuchi,1981,\N,"actress,director,writer","tt0844286,tt1663662,tt0449467,tt3263614",tt0461394,tt0461394,5.9,49,tt0461394,movie,Tori,Tori,0,2004,\N,62,\N
nm0452860,Rinko Kikuchi,1981,\N,"actress,director,writer","tt0844286,tt1663662,tt0449467,tt3263614",tt0844286,tt0844286,6.7,52221,tt0844286,movie,The Brothers Bloom,The Brothers Bloom,0,2008,\N,114,"Action,Adventure,Comedy"
nm0452860,Rinko Kikuchi,1981,\N,"actress,director,writer","tt0844286,tt1663662,tt0449467,tt3263614",tt0962762,tt0962762,6.9,1640,tt0962762,movie,Genius Party,Genius Party,0,2007,\N,102,"Adventure,Animation,Fantasy"
nm0452860,Rinko Kikuchi,1981,\N,"actress,director,writer","tt0844286,tt1663662,tt0449467,tt3263614",tt0965405,tt0965405,5.9,201,tt0965405,movie,The Insects Unlisted in the Encyclopedia,Zukan ni nottenai mushi,0,2007,\N,103,Comedy
nm0452860,Rinko Kikuchi,1981,\N,"actress,director,writer","tt0844286,tt1663662,tt0449467,tt3263614",tt0991219,tt0991219,6.0,238,tt0991219,movie,Tokyo Serendipity,Koisuru madori,0,2007,\N,113,"Comedy,Drama,Romance"
nm0452860,Rinko Kikuchi,1981,\N,"actress,director,writer","tt0844286,tt1663662,tt0449467,tt3263614",tt1037133,tt1037133,4.8,163,tt1037133,movie,Kill,Kiru,0,2008,\N,82,Action
nm0452860,Rinko Kikuchi,1981,\N,"actress,director,writer","tt0844286,tt1663662,tt0449467,tt3263614",tt1056437,tt1056437,6.7,5843,tt1056437,movie,The Sky Crawlers,Sukai kurora,0,2008,\N,122,"Animation,Drama,Sci-Fi"
nm0452860,Rinko Kikuchi,1981,\N,"actress,director,writer","tt0844286,tt1663662,tt0449467,tt3263614",tt1185376,tt1185376,6.0,2466,tt1185376,movie,Map of the Sounds of Tokyo,Map of the Sounds of Tokyo,0,2009,\N,109,"Drama,Thriller"
nm0452860,Rinko Kikuchi,1981,\N,"actress,director,writer","tt0844286,tt1663662,tt0449467,tt3263614",tt1236373,tt1236373,5.7,264,tt1236373,movie,Sideways,Saidoweizu,0,2009,\N,124,"Comedy,Drama"
nm0452860,Rinko Kikuchi,1981,\N,"actress,director,writer","tt0844286,tt1663662,tt0449467,tt3263614",tt1270842,tt1270842,6.3,12320,tt1270842,movie,Norwegian Wood,Noruwei no mori,0,2010,\N,133,"Drama,Romance"
nm0452860,Rinko Kikuchi,1981,\N,"actress,director,writer","tt0844286,tt1663662,tt0449467,tt3263614",tt1454633,tt1454633,6.7,27,tt1454633,movie,Umi de no hanashi,Umi de no hanashi,0,2006,\N,71,Drama
nm0452860,Rinko Kikuchi,1981,\N,"actress,director,writer","tt0844286,tt1663662,tt0449467,tt3263614",tt1478800,tt1478800,3.8,1325,tt1478800,movie,Assault Girls,Asaruto gâruzu,0,2009,\N,65,"Action,Sci-Fi"
nm0452860,Rinko Kikuchi,1981,\N,"actress,director,writer","tt0844286,tt1663662,tt0449467,tt3263614",tt1663662,tt1663662,6.9,522962,tt1663662,movie,Pacific Rim,Pacific Rim,0,2013,\N,131,"Action,Adventure,Sci-Fi"
nm0452860,Rinko Kikuchi,1981,\N,"actress,director,writer","tt0844286,tt1663662,tt0449467,tt3263614",tt1720183,tt1720183,6.9,120,tt1720183,movie,At River's Edge,Ogawa no hotori,0,2011,\N,104,Drama
nm0452860,Rinko Kikuchi,1981,\N,"actress,director,writer","tt0844286,tt1663662,tt0449467,tt3263614",tt21211474,tt21211474,4.9,485,tt21211474,movie,In Love and Deep Water,Kureiji Kuruzu,0,2023,\N,125,"Comedy,Mystery,Romance"
nm0452860,Rinko Kikuchi,1981,\N,"actress,director,writer","tt0844286,tt1663662,tt0449467,tt3263614",tt2215676,tt2215676,6.3,196,tt2215676,movie,The Warped Forest,Asatte no mori,0,2011,\N,82,"Comedy,Fantasy"
nm0452860,Rinko Kikuchi,1981,\N,"actress,director,writer","tt0844286,tt1663662,tt0449467,tt3263614",tt2735996,tt2735996,6.1,1593,tt2735996,movie,Endless Night,Nadie quiere la noche,0,2015,\N,104,Drama
nm0452860,Rinko Kikuchi,1981,\N,"actress,director,writer","tt0844286,tt1663662,tt0449467,tt3263614",tt27849424,tt27849424,6.5,29,tt27849424,movie,"658km, Yoko no Tabi","658km, Yoko no Tabi",0,2023,\N,113,Drama
nm0452860,Rinko Kikuchi,1981,\N,"actress,director,writer","tt0844286,tt1663662,tt0449467,tt3263614",tt3263614,tt3263614,6.6,12286,tt3263614,movie,"Kumiko, The Treasure Hunter","Kumiko, the Treasure Hunter",0,2014,\N,105,Drama
nm0452860,Rinko Kikuchi,1981,\N,"actress,director,writer","tt0844286,tt1663662,tt0449467,tt3263614",tt3273932,tt3273932,5.9,231,tt3273932,movie,Last Summer,Last Summer,0,2014,\N,94,Drama
nm0452860,Rinko Kikuchi,1981,\N,"actress,director,writer","tt0844286,tt1663662,tt0449467,tt3263614",tt4370540,tt4370540,5.9,30,tt4370540,movie,Dear Deer,Diâ diâ,0,2015,\N,106,"Comedy,Family"
nm0452860,Rinko Kikuchi,1981,\N,"actress,director,writer","tt0844286,tt1663662,tt0449467,tt3263614",tt4433646,tt4433646,4.8,3269,tt4433646,movie,Terra Formars,Terra Formars,0,2016,\N,108,"Action,Horror,Sci-Fi"
nm0597388,Jason Momoa,1979,\N,"actor,producer,writer","tt5433140,tt0974015,tt1477834,tt4334266",tt0816462,tt0816462,5.1,102004,tt0816462,movie,Conan the Barbarian,Conan the Barbarian,0,2011,\N,113,"Action,Adventure,Fantasy"
nm0597388,Jason Momoa,1979,\N,"actor,producer,writer","tt5433140,tt0974015,tt1477834,tt4334266",tt0974015,tt0974015,6.1,472640,tt0974015,movie,Justice League,Justice League,0,2017,\N,120,"Action,Adventure,Fantasy"
nm0597388,Jason Momoa,1979,\N,"actor,producer,writer","tt5433140,tt0974015,tt1477834,tt4334266",tt10731768,tt10731768,5.5,34600,tt10731768,movie,Sweet Girl,Sweet Girl,0,2021,\N,110,"Action,Drama,Thriller"
nm0597388,Jason Momoa,1979,\N,"actor,producer,writer","tt5433140,tt0974015,tt1477834,tt4334266",tt1308729,tt1308729,5.7,51922,tt1308729,movie,Bullet to the Head,Bullet to the Head,0,2012,\N,92,"Action,Crime,Thriller"
nm0597388,Jason Momoa,1979,\N,"actor,producer,writer","tt5433140,tt0974015,tt1477834,tt4334266",tt13320662,tt13320662,6.7,29572,tt13320662,movie,Slumberland,Slumberland,0,2022,\N,117,"Adventure,Comedy,Drama"
nm0597388,Jason Momoa,1979,\N,"actor,producer,writer","tt5433140,tt0974015,tt1477834,tt4334266",tt1477834,tt1477834,6.8,506797,tt1477834,movie,Aquaman,Aquaman,0,2018,\N,143,"Action,Adventure,Fantasy"
nm0597388,Jason Momoa,1979,\N,"actor,producer,writer","tt5433140,tt0974015,tt1477834,tt4334266",tt2386285,tt2386285,6.0,5427,tt2386285,movie,Road to Paloma,Road to Paloma,0,2014,\N,91,"Drama,Thriller"
nm0597388,Jason Momoa,1979,\N,"actor,producer,writer","tt5433140,tt0974015,tt1477834,tt4334266",tt2769184,tt2769184,4.3,2961,tt2769184,movie,Debug,Debug,0,2014,\N,86,"Horror,Sci-Fi"
nm0597388,Jason Momoa,1979,\N,"actor,producer,writer","tt5433140,tt0974015,tt1477834,tt4334266",tt3553378,tt3553378,5.5,4210,tt3553378,movie,Sugar Mountain,Sugar Mountain,0,2016,\N,106,"Drama,Thriller"
nm0597388,Jason Momoa,1979,\N,"actor,producer,writer","tt5433140,tt0974015,tt1477834,tt4334266",tt4334266,tt4334266,5.2,34824,tt4334266,movie,The Bad Batch,The Bad Batch,0,2016,\N,118,"Action,Horror,Mystery"
nm0597388,Jason Momoa,1979,\N,"actor,producer,writer","tt5433140,tt0974015,tt1477834,tt4334266",tt4694544,tt4694544,5.3,20665,tt4694544,movie,Once Upon a Time in Venice,Once Upon a Time in Venice,0,2017,\N,94,"Action,Adventure,Comedy"
nm0597388,Jason Momoa,1979,\N,"actor,producer,writer","tt5433140,tt0974015,tt1477834,tt4334266",tt5001754,tt5001754,5.9,41523,tt5001754,movie,Braven,Braven,0,2018,\N,94,"Action,Thriller"
nm0700875,Om Puri,1950,2017,"actor,miscellaneous,music_department","tt0111742,tt0166175,tt0116409,tt2980648",tt0080322,tt0080322,7.9,1132,tt0080322,movie,Aakrosh,Aakrosh,0,1980,\N,144,"Crime,Drama,Music"
nm0700875,Om Puri,1950,2017,"actor,miscellaneous,music_department","tt0111742,tt0166175,tt0116409,tt2980648",tt0080435,tt0080435,7.1,146,tt0080435,movie,Bhavni Bhavai,Bhavni Bhavai,0,1981,\N,135,"Comedy,Drama"
nm0700875,Om Puri,1950,2017,"actor,miscellaneous,music_department","tt0111742,tt0166175,tt0116409,tt2980648",tt0083575,tt0083575,7.7,85,tt0083575,movie,Arohan,Arohan,0,1983,\N,144,Drama
nm0700875,Om Puri,1950,2017,"actor,miscellaneous,music_department","tt0111742,tt0166175,tt0116409,tt2980648",tt0085178,tt0085178,8.1,1969,tt0085178,movie,Ardh Satya,Ardh Satya,0,1983,\N,130,"Crime,Drama"
nm0700875,Om Puri,1950,2017,"actor,miscellaneous,music_department","tt0111742,tt0166175,tt0116409,tt2980648",tt0088837,tt0088837,8.2,57,tt0088837,movie,"Hamara Shahar - Bombay, Our City","Hamara Shahar - Bombay, Our City",0,1985,\N,82,Documentary
nm0700875,Om Puri,1950,2017,"actor,miscellaneous,music_department","tt0111742,tt0166175,tt0116409,tt2980648",tt0089599,tt0089599,7.7,1527,tt0089599,movie,Mirch Masala,Mirch Masala,0,1986,\N,128,"Drama,Thriller"
nm0700875,Om Puri,1950,2017,"actor,miscellaneous,music_department","tt0111742,tt0166175,tt0116409,tt2980648",tt0089678,tt0089678,7.9,204,tt0089678,movie,New Delhi Times,New Delhi Times,0,1986,\N,123,"Drama,Mystery"
nm0700875,Om Puri,1950,2017,"actor,miscellaneous,music_department","tt0111742,tt0166175,tt0116409,tt2980648",tt0091105,tt0091105,7.0,138,tt0091105,movie,Genesis,Genesis,0,1986,\N,105,Drama
nm0700875,Om Puri,1950,2017,"actor,miscellaneous,music_department","tt0111742,tt0166175,tt0116409,tt2980648",tt0094081,tt0094081,7.2,37,tt0094081,movie,Susman,Susman,0,1987,\N,140,Drama
nm0700875,Om Puri,1950,2017,"actor,miscellaneous,music_department","tt0111742,tt0166175,tt0116409,tt2980648",tt0102831,tt0102831,6.2,138,tt0102831,movie,Sam & Me,Sam & Me,0,1991,\N,94,Drama
nm0700875,Om Puri,1950,2017,"actor,miscellaneous,music_department","tt0111742,tt0166175,tt0116409,tt2980648",tt0103689,tt0103689,6.7,357,tt0103689,movie,Angaar,Angaar,0,1992,\N,176,"Action,Crime,Drama"
nm0700875,Om Puri,1950,2017,"actor,miscellaneous,music_department","tt0111742,tt0166175,tt0116409,tt2980648",tt0103976,tt0103976,6.5,5547,tt0103976,movie,City of Joy,City of Joy,0,1992,\N,132,Drama
nm0700875,Om Puri,1950,2017,"actor,miscellaneous,music_department","tt0111742,tt0166175,tt0116409,tt2980648",tt0104274,tt0104274,6.8,25,tt0104274,movie,The Burning Season,The Burning Season,0,1993,\N,104,\N
nm0700875,Om Puri,1950,2017,"actor,miscellaneous,music_department","tt0111742,tt0166175,tt0116409,tt2980648",tt0107199,tt0107199,7.1,391,tt0107199,movie,In Custody,In Custody,0,1994,\N,126,"Comedy,Drama"
nm0700875,Om Puri,1950,2017,"actor,miscellaneous,music_department","tt0111742,tt0166175,tt0116409,tt2980648",tt0110794,tt0110794,7.3,29,tt0110794,movie,Patang,Patang,0,1993,\N,100,Drama
nm0700875,Om Puri,1950,2017,"actor,miscellaneous,music_department","tt0111742,tt0166175,tt0116409,tt2980648",tt0112586,tt0112586,6.5,144,tt0112586,movie,Brothers in Trouble,Brothers in Trouble,0,1995,\N,102,"Comedy,Drama"
nm0700875,Om Puri,1950,2017,"actor,miscellaneous,music_department","tt0111742,tt0166175,tt0116409,tt2980648",tt0116950,tt0116950,7.7,2406,tt0116950,movie,Maachis,Maachis,0,1996,\N,160,"Action,Crime,Drama"
nm0700875,Om Puri,1950,2017,"actor,miscellaneous,music_department","tt0111742,tt0166175,tt0116409,tt2980648",tt0119743,tt0119743,6.8,1653,tt0119743,movie,My Son the Fanatic,My Son the Fanatic,0,1997,\N,87,"Comedy,Drama,Romance"
nm0700875,Om Puri,1950,2017,"actor,miscellaneous,music_department","tt0111742,tt0166175,tt0116409,tt2980648",tt0120848,tt0120848,7.2,486,tt0120848,movie,Such a Long Journey,Such a Long Journey,0,1998,\N,113,Drama
nm0700875,Om Puri,1950,2017,"actor,miscellaneous,music_department","tt0111742,tt0166175,tt0116409,tt2980648",tt0134580,tt0134580,7.6,44,tt0134580,movie,Chokh,Chokh,0,1983,\N,98,Drama
nm0700875,Om Puri,1950,2017,"actor,miscellaneous,music_department","tt0111742,tt0166175,tt0116409,tt2980648",tt0155499,tt0155499,7.9,130,tt0155499,movie,Antarnaad,Antarnaad,0,1991,\N,160,Drama
nm0700875,Om Puri,1950,2017,"actor,miscellaneous,music_department","tt0111742,tt0166175,tt0116409,tt2980648",tt0157518,tt0157518,7.7,30,tt0157518,movie,Debshishu,Debshishu,0,1987,\N,100,Drama
nm0700875,Om Puri,1950,2017,"actor,miscellaneous,music_department","tt0111742,tt0166175,tt0116409,tt2980648",tt0166175,tt0166175,6.9,19871,tt0166175,movie,East Is East,East Is East,0,1999,\N,96,"Comedy,Drama"
nm0700875,Om Puri,1950,2017,"actor,miscellaneous,music_department","tt0111742,tt0166175,tt0116409,tt2980648",tt0177490,tt0177490,7.7,161,tt0177490,movie,Aghaat,Aghaat,0,1985,\N,138,"Crime,Drama"
nm0700875,Om Puri,1950,2017,"actor,miscellaneous,music_department","tt0111742,tt0166175,tt0116409,tt2980648",tt0178392,tt0178392,7.8,457,tt0178392,movie,Droh Kaal,Droh Kaal,0,1994,\N,162,"Action,Crime,Drama"
nm0700875,Om Puri,1950,2017,"actor,miscellaneous,music_department","tt0111742,tt0166175,tt0116409,tt2980648",tt0208903,tt0208903,6.4,1640,tt0208903,movie,Disco Dancer,Disco Dancer,0,1982,\N,135,"Drama,Musical,Romance"
nm0700875,Om Puri,1950,2017,"actor,miscellaneous,music_department","tt0111742,tt0166175,tt0116409,tt2980648",tt0210609,tt0210609,6.5,1770,tt0210609,movie,China Gate,China Gate,0,1998,\N,175,"Action,Adventure,Drama"
nm0700875,Om Puri,1950,2017,"actor,miscellaneous,music_department","tt0111742,tt0166175,tt0116409,tt2980648",tt0218533,tt0218533,6.7,2590,tt0218533,movie,Pukar,Pukar,0,2000,\N,176,"Action,Drama,Romance"
nm0700875,Om Puri,1950,2017,"actor,miscellaneous,music_department","tt0111742,tt0166175,tt0116409,tt2980648",tt0220597,tt0220597,5.3,873,tt0220597,movie,Khoobsurat,Khoobsurat,0,1999,\N,149,"Action,Comedy,Romance"
nm0700875,Om Puri,1950,2017,"actor,miscellaneous,music_department","tt0111742,tt0166175,tt0116409,tt2980648",tt0229193,tt0229193,6.4,210,tt0229193,movie,Aastha: In the Prison of Spring,Aastha: In the Prison of Spring,0,1997,\N,132,Drama
nm0700875,Om Puri,1950,2017,"actor,miscellaneous,music_department","tt0111742,tt0166175,tt0116409,tt2980648",tt0231001,tt0231001,6.8,4339,tt0231001,movie,The Zookeeper,The Zookeeper,0,2001,\N,108,"Drama,War"
nm0700875,Om Puri,1950,2017,"actor,miscellaneous,music_department","tt0111742,tt0166175,tt0116409,tt2980648",tt0233422,tt0233422,7.4,13562,tt0233422,movie,Chachi 420,Chachi 420,0,1997,\N,155,"Comedy,Drama,Family"
nm0700875,Om Puri,1950,2017,"actor,miscellaneous,music_department","tt0111742,tt0166175,tt0116409,tt2980648",tt0247992,tt0247992,5.1,3764,tt0247992,movie,Dulhan Hum Le Jayenge,Dulhan Hum Le Jayenge,0,2000,\N,158,"Comedy,Drama,Romance"
nm0700875,Om Puri,1950,2017,"actor,miscellaneous,music_department","tt0111742,tt0166175,tt0116409,tt2980648",tt0249359,tt0249359,8.1,66,tt0249359,movie,Ankuram,Ankuram,0,1993,\N,131,Drama
nm0700875,Om Puri,1950,2017,"actor,miscellaneous,music_department","tt0111742,tt0166175,tt0116409,tt2980648",tt0253194,tt0253194,5.1,1059,tt0253194,movie,Kunwara,Kunwara,0,2000,\N,134,"Comedy,Drama,Romance"
nm0700875,Om Puri,1950,2017,"actor,miscellaneous,music_department","tt0111742,tt0166175,tt0116409,tt2980648",tt0255309,tt0255309,6.1,1125,tt0255309,movie,Kurukshetra,Kurukshetra,0,2000,\N,129,"Action,Crime,Drama"
nm0700875,Om Puri,1950,2017,"actor,miscellaneous,music_department","tt0111742,tt0166175,tt0116409,tt2980648",tt0260928,tt0260928,7.0,76,tt0260928,movie,Giddh: The Vulture,Giddh: The Vulture,0,1984,\N,103,Drama
nm0700875,Om Puri,1950,2017,"actor,miscellaneous,music_department","tt0111742,tt0166175,tt0116409,tt2980648",tt0262625,tt0262625,6.4,32,tt0262625,movie,My Little Devil,Bas Yaari Rakho,0,2000,\N,88,"Comedy,Drama,Family"
nm0700875,Om Puri,1950,2017,"actor,miscellaneous,music_department","tt0111742,tt0166175,tt0116409,tt2980648",tt0264210,tt0264210,4.4,323,tt0264210,movie,Zor: Never Underestimate the Force,Zor: Never Underestimate the Force,0,1998,\N,157,"Action,Crime,Drama"
nm0700875,Om Puri,1950,2017,"actor,miscellaneous,music_department","tt0111742,tt0166175,tt0116409,tt2980648",tt0266875,tt0266875,7.1,1268,tt0266875,movie,Raat,Raat,0,1992,\N,127,Horror
nm0700875,Om Puri,1950,2017,"actor,miscellaneous,music_department","tt0111742,tt0166175,tt0116409,tt2980648",tt0273513,tt0273513,7.2,63,tt0273513,movie,Current,Current,0,1992,\N,119,Drama
nm0700875,Om Puri,1950,2017,"actor,miscellaneous,music_department","tt0111742,tt0166175,tt0116409,tt2980648",tt0274019,tt0274019,3.9,401,tt0274019,movie,Pyaar Diwana Hota Hai,Pyaar Diwana Hota Hai,0,2002,\N,148,"Comedy,Drama,Romance"
nm0700875,Om Puri,1950,2017,"actor,miscellaneous,music_department","tt0111742,tt0166175,tt0116409,tt2980648",tt0282771,tt0282771,5.8,474,tt0282771,movie,The Mystic Masseur,The Mystic Masseur,0,2001,\N,117,"Biography,Comedy,Drama"
nm0700875,Om Puri,1950,2017,"actor,miscellaneous,music_department","tt0111742,tt0166175,tt0116409,tt2980648",tt0301179,tt0301179,4.6,474,tt0301179,movie,Deewaanapan,Deewaanapan,0,2001,\N,153,"Action,Romance"
nm0700875,Om Puri,1950,2017,"actor,miscellaneous,music_department","tt0111742,tt0166175,tt0116409,tt2980648",tt0303733,tt0303733,6.3,400,tt0303733,movie,Bollywood Calling,Bollywood Calling,0,2001,\N,101,"Comedy,Drama,Music"
nm0700875,Om Puri,1950,2017,"actor,miscellaneous,music_department","tt0111742,tt0166175,tt0116409,tt2980648",tt0308513,tt0308513,8.7,89,tt0308513,movie,Long Da Lishkara,Long Da Lishkara,0,1983,\N,143,"Drama,Romance"
nm0700875,Om Puri,1950,2017,"actor,miscellaneous,music_department","tt0111742,tt0166175,tt0116409,tt2980648",tt0312445,tt0312445,3.7,32,tt0312445,movie,Bekaraar,Bekaraar,0,1983,\N,121,"Drama,Romance"
nm0700875,Om Puri,1950,2017,"actor,miscellaneous,music_department","tt0111742,tt0166175,tt0116409,tt2980648",tt0315777,tt0315777,6.5,70,tt0315777,movie,Ansh: The Deadly Part,Ansh: The Deadly Part,0,2002,\N,180,"Crime,Drama,Thriller"
nm0700875,Om Puri,1950,2017,"actor,miscellaneous,music_department","tt0111742,tt0166175,tt0116409,tt2980648",tt0323013,tt0323013,7.8,24937,tt0323013,movie,Lakshya,Lakshya,0,2004,\N,186,"Action,Drama,Romance"
nm0700875,Om Puri,1950,2017,"actor,miscellaneous,music_department","tt0111742,tt0166175,tt0116409,tt2980648",tt0345061,tt0345061,6.1,20991,tt0345061,movie,Code 46,Code 46,0,2003,\N,93,"Drama,Romance,Sci-Fi"
nm0700875,Om Puri,1950,2017,"actor,miscellaneous,music_department","tt0111742,tt0166175,tt0116409,tt2980648",tt0349703,tt0349703,4.3,1883,tt0349703,movie,Kyun! Ho Gaya Na...,Kyun! Ho Gaya Na...,0,2004,\N,165,"Comedy,Drama,Romance"
nm0700875,Om Puri,1950,2017,"actor,miscellaneous,music_department","tt0111742,tt0166175,tt0116409,tt2980648",tt0364303,tt0364303,6.7,1468,tt0364303,movie,Dev,Dev,0,2004,\N,172,Drama
nm0700875,Om Puri,1950,2017,"actor,miscellaneous,music_department","tt0111742,tt0166175,tt0116409,tt2980648",tt0366939,tt0366939,7.0,44,tt0366939,movie,Raavan,Raavan,0,1984,\N,128,"Drama,Family"
nm0700875,Om Puri,1950,2017,"actor,miscellaneous,music_department","tt0111742,tt0166175,tt0116409,tt2980648",tt0378157,tt0378157,5.7,61,tt0378157,movie,Kagaar: Life on the Edge,Kagaar: Life on the Edge,0,2003,\N,150,"Crime,Drama"
nm0700875,Om Puri,1950,2017,"actor,miscellaneous,music_department","tt0111742,tt0166175,tt0116409,tt2980648",tt0387164,tt0387164,7.5,273,tt0387164,movie,Dhoop,Dhoop,0,2003,\N,126,Drama
nm0700875,Om Puri,1950,2017,"actor,miscellaneous,music_department","tt0111742,tt0166175,tt0116409,tt2980648",tt0388181,tt0388181,5.2,112,tt0388181,movie,King of Bollywood,King of Bollywood,0,2004,\N,116,"Comedy,Drama"
nm0700875,Om Puri,1950,2017,"actor,miscellaneous,music_department","tt0111742,tt0166175,tt0116409,tt2980648",tt0417735,tt0417735,7.0,68,tt0417735,movie,The Hangman,The Hangman,0,2005,\N,106,"Crime,Drama,Thriller"
nm0700875,Om Puri,1950,2017,"actor,miscellaneous,music_department","tt0111742,tt0166175,tt0116409,tt2980648",tt0431315,tt0431315,4.7,26,tt0431315,movie,Paththar,Paththar,0,1985,\N,109,Crime
nm0700875,Om Puri,1950,2017,"actor,miscellaneous,music_department","tt0111742,tt0166175,tt0116409,tt2980648",tt0432385,tt0432385,5.3,49,tt0432385,movie,AK 47,AK 47,0,2004,\N,125,"Action,Thriller"
nm0700875,Om Puri,1950,2017,"actor,miscellaneous,music_department","tt0111742,tt0166175,tt0116409,tt2980648",tt0452878,tt0452878,7.4,90,tt0452878,movie,Triyacharitra,Triyacharitra,0,1994,\N,120,Drama
nm0700875,Om Puri,1950,2017,"actor,miscellaneous,music_department","tt0111742,tt0166175,tt0116409,tt2980648",tt0464160,tt0464160,6.9,12344,tt0464160,movie,Chup Chup Ke,Chup Chup Ke,0,2006,\N,164,"Comedy,Drama,Romance"
nm0700875,Om Puri,1950,2017,"actor,miscellaneous,music_department","tt0111742,tt0166175,tt0116409,tt2980648",tt0476805,tt0476805,7.0,7600,tt0476805,movie,Malamaal Weekly,Malamaal Weekly,0,2006,\N,137,"Comedy,Drama,Romance"
nm0700875,Om Puri,1950,2017,"actor,miscellaneous,music_department","tt0111742,tt0166175,tt0116409,tt2980648",tt0486615,tt0486615,5.4,4913,tt0486615,movie,London Dreams,London Dreams,0,2009,\N,146,"Drama,Music"
nm0700875,Om Puri,1950,2017,"actor,miscellaneous,music_department","tt0111742,tt0166175,tt0116409,tt2980648",tt1105733,tt1105733,5.3,5960,tt1105733,movie,Kismat Konnection,Kismat Konnection,0,2008,\N,153,"Comedy,Drama,Romance"
nm0700875,Om Puri,1950,2017,"actor,miscellaneous,music_department","tt0111742,tt0166175,tt0116409,tt2980648",tt1146325,tt1146325,5.7,16212,tt1146325,movie,Singh Is King,Singh Is Kinng,0,2008,\N,135,"Action,Comedy,Crime"
nm0700875,Om Puri,1950,2017,"actor,miscellaneous,music_department","tt0111742,tt0166175,tt0116409,tt2980648",tt1170404,tt1170404,5.5,2467,tt1170404,movie,Mere Baap Pehle Aap,Mere Baap Pehle Aap,0,2008,\N,163,"Comedy,Drama,Romance"
nm0700875,Om Puri,1950,2017,"actor,miscellaneous,music_department","tt0111742,tt0166175,tt0116409,tt2980648",tt1202528,tt1202528,5.0,50,tt1202528,movie,"Lovesongs: Yesterday, Today & Tomorrow","Lovesongs: Yesterday, Today & Tomorrow",0,2008,\N,91,Drama
nm0700875,Om Puri,1950,2017,"actor,miscellaneous,music_department","tt0111742,tt0166175,tt0116409,tt2980648",tt12214542,tt12214542,4.8,8,tt12214542,movie,Luv Kush - The amazing twins,Luv Kush - The amazing twins,0,2007,\N,57,"Animation,History"
nm0700875,Om Puri,1950,2017,"actor,miscellaneous,music_department","tt0111742,tt0166175,tt0116409,tt2980648",tt1230448,tt1230448,6.4,13013,tt1230448,movie,Billu,Billu,0,2009,\N,137,"Comedy,Drama"
nm0700875,Om Puri,1950,2017,"actor,miscellaneous,music_department","tt0111742,tt0166175,tt0116409,tt2980648",tt1240979,tt1240979,6.3,81,tt1240979,movie,Yaariyan,Yaariyan,0,2008,\N,164,"Comedy,Drama,Musical"
nm0700875,Om Puri,1950,2017,"actor,miscellaneous,music_department","tt0111742,tt0166175,tt0116409,tt2980648",tt1285241,tt1285241,7.1,57374,tt1285241,movie,Don 2,Don 2,0,2011,\N,148,"Action,Crime,Thriller"
nm0700875,Om Puri,1950,2017,"actor,miscellaneous,music_department","tt0111742,tt0166175,tt0116409,tt2980648",tt1287847,tt1287847,6.9,438,tt1287847,movie,Mukhbiir,Mukhbiir,0,2008,\N,132,"Crime,Drama,Mystery"
nm0700875,Om Puri,1950,2017,"actor,miscellaneous,music_department","tt0111742,tt0166175,tt0116409,tt2980648",tt1334254,tt1334254,7.1,1150,tt1334254,movie,Maharathi,Maharathi,0,2008,\N,114,"Crime,Drama,Mystery"
nm0700875,Om Puri,1950,2017,"actor,miscellaneous,music_department","tt0111742,tt0166175,tt0116409,tt2980648",tt1347510,tt1347510,5.9,14,tt1347510,movie,Baghi,Baghi,0,2006,\N,138,Drama
nm0700875,Om Puri,1950,2017,"actor,miscellaneous,music_department","tt0111742,tt0166175,tt0116409,tt2980648",tt1396208,tt1396208,4.3,6802,tt1396208,movie,Action Replayy,Action Replayy,0,2010,\N,129,"Comedy,Romance,Sci-Fi"
nm0700875,Om Puri,1950,2017,"actor,miscellaneous,music_department","tt0111742,tt0166175,tt0116409,tt2980648",tt1441956,tt1441956,6.4,3252,tt1441956,movie,West Is West,West Is West,0,2010,\N,103,"Comedy,Drama"
nm0700875,Om Puri,1950,2017,"actor,miscellaneous,music_department","tt0111742,tt0166175,tt0116409,tt2980648",tt1464549,tt1464549,6.1,85,tt1464549,movie,Life Goes On,Life Goes On,0,2009,\N,120,Drama
nm0700875,Om Puri,1950,2017,"actor,miscellaneous,music_department","tt0111742,tt0166175,tt0116409,tt2980648",tt1471247,tt1471247,7.3,894,tt1471247,movie,Road to Sangam,Road to Sangam,0,2009,\N,135,"Drama,Thriller"
nm0700875,Om Puri,1950,2017,"actor,miscellaneous,music_department","tt0111742,tt0166175,tt0116409,tt2980648",tt14780982,tt14780982,6.8,8,tt14780982,movie,Rifle Ganj,Rifle Ganj,0,2016,\N,121,"Crime,Drama"
nm0700875,Om Puri,1950,2017,"actor,miscellaneous,music_department","tt0111742,tt0166175,tt0116409,tt2980648",tt1508950,tt1508950,5.6,331,tt1508950,movie,Baabarr,Baabarr,0,2009,\N,180,"Action,Crime,Drama"
nm0700875,Om Puri,1950,2017,"actor,miscellaneous,music_department","tt0111742,tt0166175,tt0116409,tt2980648",tt1584917,tt1584917,5.2,102,tt1584917,movie,Bolo Raam,Bolo Raam,0,2009,\N,103,"Action,Crime,Drama"
nm0700875,Om Puri,1950,2017,"actor,miscellaneous,music_department","tt0111742,tt0166175,tt0116409,tt2980648",tt1673411,tt1673411,4.5,216,tt1673411,movie,Kushti,Kushti,0,2010,\N,121,"Comedy,Sport"
nm0700875,Om Puri,1950,2017,"actor,miscellaneous,music_department","tt0111742,tt0166175,tt0116409,tt2980648",tt1754137,tt1754137,6.0,130,tt1754137,movie,Little Terrors,Little Terrors,0,2014,\N,103,Drama
nm0700875,Om Puri,1950,2017,"actor,miscellaneous,music_department","tt0111742,tt0166175,tt0116409,tt2980648",tt1942905,tt1942905,4.4,146,tt1942905,movie,Kucch Luv Jaisaa,Kucch Luv Jaisaa,0,2011,\N,105,Drama
nm0700875,Om Puri,1950,2017,"actor,miscellaneous,music_department","tt0111742,tt0166175,tt0116409,tt2980648",tt2130242,tt2130242,5.9,4562,tt2130242,movie,Tere Naal Love Ho Gaya,Tere Naal Love Ho Gaya,0,2012,\N,130,"Comedy,Drama,Romance"
nm0700875,Om Puri,1950,2017,"actor,miscellaneous,music_department","tt0111742,tt0166175,tt0116409,tt2980648",tt2191641,tt2191641,4.1,428,tt2191641,movie,Chaar Din Ki Chandni,Chaar Din Ki Chandni,0,2012,\N,131,"Comedy,Romance"
nm0700875,Om Puri,1950,2017,"actor,miscellaneous,music_department","tt0111742,tt0166175,tt0116409,tt2980648",tt2278422,tt2278422,4.2,858,tt2278422,movie,Kamaal Dhamaal Malamaal,Kamaal Dhamaal Malamaal,0,2012,\N,148,"Comedy,Drama"
nm0700875,Om Puri,1950,2017,"actor,miscellaneous,music_department","tt0111742,tt0166175,tt0116409,tt2980648",tt2531120,tt2531120,6.8,98,tt2531120,movie,Trafficker,Trafficker,0,2015,\N,90,"Action,Drama"
nm0700875,Om Puri,1950,2017,"actor,miscellaneous,music_department","tt0111742,tt0166175,tt0116409,tt2980648",tt2679078,tt2679078,6.3,8,tt2679078,movie,Zinda Dil,Zinda Dil,0,2005,\N,135,Action
nm0700875,Om Puri,1950,2017,"actor,miscellaneous,music_department","tt0111742,tt0166175,tt0116409,tt2980648",tt2861320,tt2861320,4.2,1574,tt2861320,movie,Policegiri,Policegiri,0,2013,\N,141,"Action,Comedy,Crime"
nm0700875,Om Puri,1950,2017,"actor,miscellaneous,music_department","tt0111742,tt0166175,tt0116409,tt2980648",tt2980648,tt2980648,7.3,86648,tt2980648,movie,The Hundred-Foot Journey,The Hundred-Foot Journey,0,2014,\N,122,"Comedy,Drama"
nm0700875,Om Puri,1950,2017,"actor,miscellaneous,music_department","tt0111742,tt0166175,tt0116409,tt2980648",tt3089920,tt3089920,6.1,130,tt3089920,movie,Jatt Boys Putt Jattan De,Jatt Boys Putt Jattan De,0,2013,\N,136,"Action,Comedy,Romance"
nm0700875,Om Puri,1950,2017,"actor,miscellaneous,music_department","tt0111742,tt0166175,tt0116409,tt2980648",tt3334348,tt3334348,5.2,529,tt3334348,movie,Heartless,Heartless,0,2014,\N,131,"Drama,Family,Romance"
nm0700875,Om Puri,1950,2017,"actor,miscellaneous,music_department","tt0111742,tt0166175,tt0116409,tt2980648",tt3854246,tt3854246,5.2,24,tt3854246,movie,Bazaar E Husn,Bazaar E Husn,0,2014,\N,125,Drama
nm0700875,Om Puri,1950,2017,"actor,miscellaneous,music_department","tt0111742,tt0166175,tt0116409,tt2980648",tt3876082,tt3876082,5.6,252,tt3876082,movie,Aa Gaye Munde U.K. De,Aa Gaye Munde U.K. De,0,2014,\N,132,"Comedy,Romance"
nm0700875,Om Puri,1950,2017,"actor,miscellaneous,music_department","tt0111742,tt0166175,tt0116409,tt2980648",tt4168188,tt4168188,7.7,7908,tt4168188,movie,Chaar Sahibzaade,Chaar Sahibzaade,0,2014,\N,135,"Animation,History"
nm0700875,Om Puri,1950,2017,"actor,miscellaneous,music_department","tt0111742,tt0166175,tt0116409,tt2980648",tt4541102,tt4541102,4.8,179,tt4541102,movie,Uvaa,Uvaa,0,2015,\N,138,"Comedy,Drama"
nm0700875,Om Puri,1950,2017,"actor,miscellaneous,music_department","tt0111742,tt0166175,tt0116409,tt2980648",tt4642936,tt4642936,3.1,878,tt4642936,movie,Warrior Savitri,Warrior Savitri,0,2016,\N,136,"Action,Thriller"
nm0700875,Om Puri,1950,2017,"actor,miscellaneous,music_department","tt0111742,tt0166175,tt0116409,tt2980648",tt4677244,tt4677244,4.3,183,tt4677244,movie,The Gandhi Murder,Solar Eclipse: Depth of Darkness,0,2019,\N,118,"Drama,History"
nm0700875,Om Puri,1950,2017,"actor,miscellaneous,music_department","tt0111742,tt0166175,tt0116409,tt2980648",tt4683366,tt4683366,6.2,5380,tt4683366,movie,Ghayal Once Again,Ghayal Once Again,0,2016,\N,127,"Action,Crime,Drama"
nm0700875,Om Puri,1950,2017,"actor,miscellaneous,music_department","tt0111742,tt0166175,tt0116409,tt2980648",tt5326230,tt5326230,4.2,318,tt5326230,movie,Aadupuliyattam,Aadupuliyattam,0,2016,\N,145,Horror
nm0700875,Om Puri,1950,2017,"actor,miscellaneous,music_department","tt0111742,tt0166175,tt0116409,tt2980648",tt5333612,tt5333612,7.5,2799,tt5333612,movie,Actor in Law,Actor in Law,0,2016,\N,116,"Comedy,Drama,Romance"
nm0700875,Om Puri,1950,2017,"actor,miscellaneous,music_department","tt0111742,tt0166175,tt0116409,tt2980648",tt5714802,tt5714802,6.5,96,tt5714802,movie,Project Marathwada,Project Marathwada,0,2016,\N,110,Drama
nm0700875,Om Puri,1950,2017,"actor,miscellaneous,music_department","tt0111742,tt0166175,tt0116409,tt2980648",tt5882970,tt5882970,3.9,21503,tt5882970,movie,Tubelight,Tubelight,0,2017,\N,136,"Drama,War"
nm0700875,Om Puri,1950,2017,"actor,miscellaneous,music_department","tt0111742,tt0166175,tt0116409,tt2980648",tt6246170,tt6246170,8.5,833,tt6246170,movie,Chaar Sahibzaade 2: Rise of Banda Singh Bahadur,Chaar Sahibzaade 2: Rise of Banda Singh Bahadur,0,2016,\N,134,Animation
nm0700875,Om Puri,1950,2017,"actor,miscellaneous,music_department","tt0111742,tt0166175,tt0116409,tt2980648",tt6299040,tt6299040,7.5,14334,tt6299040,movie,The Ghazi Attack,The Ghazi Attack,0,2017,\N,116,"Action,Thriller,War"
nm0700875,Om Puri,1950,2017,"actor,miscellaneous,music_department","tt0111742,tt0166175,tt0116409,tt2980648",tt8084696,tt8084696,4.6,65,tt8084696,movie,Mr. Kabaadi,Mr. Kabaadi,0,2017,\N,93,Comedy
nm0700875,Om Puri,1950,2017,"actor,miscellaneous,music_department","tt0111742,tt0166175,tt0116409,tt2980648",tt8176312,tt8176312,2.6,295,tt8176312,movie,Gul Makai,Gul Makai,0,2020,\N,132,"Biography,Drama,War"
nm0700875,Om Puri,1950,2017,"actor,miscellaneous,music_department","tt0111742,tt0166175,tt0116409,tt2980648",tt8533270,tt8533270,7.7,67,tt8533270,movie,AK 47,AK 47,0,1999,\N,157,"Action,Crime,Drama"
nm1165110,Chris Hemsworth,1983,\N,"actor,producer,soundtrack","tt0796366,tt1735898,tt3501632,tt0848228",tt0800369,tt0800369,7.0,887912,tt0800369,movie,Thor,Thor,0,2011,\N,115,"Action,Fantasy"
nm1165110,Chris Hemsworth,1983,\N,"actor,producer,soundtrack","tt0796366,tt1735898,tt3501632,tt0848228",tt10648342,tt10648342,6.2,386461,tt10648342,movie,Thor: Love and Thunder,Thor: Love and Thunder,0,2022,\N,118,"Action,Adventure,Comedy"
nm1165110,Chris Hemsworth,1983,\N,"actor,producer,soundtrack","tt0796366,tt1735898,tt3501632,tt0848228",tt1106860,tt1106860,5.9,9945,tt1106860,movie,Ca$h,Ca$h,0,2010,\N,108,"Crime,Thriller"
nm1165110,Chris Hemsworth,1983,\N,"actor,producer,soundtrack","tt0796366,tt1735898,tt3501632,tt0848228",tt12263384,tt12263384,7.0,136156,tt12263384,movie,Extraction II,Extraction 2,0,2023,\N,122,"Action,Thriller"
nm1165110,Chris Hemsworth,1983,\N,"actor,producer,soundtrack","tt0796366,tt1735898,tt3501632,tt0848228",tt1234719,tt1234719,5.3,79869,tt1234719,movie,Red Dawn,Red Dawn,0,2012,\N,93,"Action,Drama,War"
nm1165110,Chris Hemsworth,1983,\N,"actor,producer,soundtrack","tt0796366,tt1735898,tt3501632,tt0848228",tt1259521,tt1259521,7.0,443023,tt1259521,movie,The Cabin in the Woods,The Cabin in the Woods,0,2011,\N,95,"Horror,Mystery,Thriller"
nm1165110,Chris Hemsworth,1983,\N,"actor,producer,soundtrack","tt0796366,tt1735898,tt3501632,tt0848228",tt1390411,tt1390411,6.9,146668,tt1390411,movie,In the Heart of the Sea,In the Heart of the Sea,0,2015,\N,122,"Action,Adventure,Biography"
nm1165110,Chris Hemsworth,1983,\N,"actor,producer,soundtrack","tt0796366,tt1735898,tt3501632,tt0848228",tt1413492,tt1413492,6.5,90074,tt1413492,movie,12 Strong,12 Strong,0,2018,\N,130,"Action,Drama,History"
nm1165110,Chris Hemsworth,1983,\N,"actor,producer,soundtrack","tt0796366,tt1735898,tt3501632,tt0848228",tt1735898,tt1735898,6.1,299416,tt1735898,movie,Snow White and the Huntsman,Snow White and the Huntsman,0,2012,\N,127,"Action,Adventure,Drama"
nm1165110,Chris Hemsworth,1983,\N,"actor,producer,soundtrack","tt0796366,tt1735898,tt3501632,tt0848228",tt1979320,tt1979320,8.1,504420,tt1979320,movie,Rush,Rush,0,2013,\N,123,"Action,Biography,Drama"
nm1165110,Chris Hemsworth,1983,\N,"actor,producer,soundtrack","tt0796366,tt1735898,tt3501632,tt0848228",tt1981115,tt1981115,6.8,714559,tt1981115,movie,Thor: The Dark World,Thor: The Dark World,0,2013,\N,112,"Action,Adventure,Fantasy"
nm1165110,Chris Hemsworth,1983,\N,"actor,producer,soundtrack","tt0796366,tt1735898,tt3501632,tt0848228",tt2283336,tt2283336,5.6,144047,tt2283336,movie,Men in Black: International,Men in Black: International,0,2019,\N,114,"Action,Adventure,Comedy"
nm1165110,Chris Hemsworth,1983,\N,"actor,producer,soundtrack","tt0796366,tt1735898,tt3501632,tt0848228",tt2381991,tt2381991,6.1,117506,tt2381991,movie,The Huntsman: Winter's War,The Huntsman: Winter's War,0,2016,\N,114,"Action,Adventure,Drama"
nm1165110,Chris Hemsworth,1983,\N,"actor,producer,soundtrack","tt0796366,tt1735898,tt3501632,tt0848228",tt2395427,tt2395427,7.3,907378,tt2395427,movie,Avengers: Age of Ultron,Avengers: Age of Ultron,0,2015,\N,141,"Action,Adventure,Sci-Fi"
nm1165110,Chris Hemsworth,1983,\N,"actor,producer,soundtrack","tt0796366,tt1735898,tt3501632,tt0848228",tt2717822,tt2717822,5.5,63322,tt2717822,movie,Blackhat,Blackhat,0,2015,\N,133,"Action,Crime,Thriller"
nm1165110,Chris Hemsworth,1983,\N,"actor,producer,soundtrack","tt0796366,tt1735898,tt3501632,tt0848228",tt3501632,tt3501632,7.9,801256,tt3501632,movie,Thor: Ragnarok,Thor: Ragnarok,0,2017,\N,130,"Action,Adventure,Comedy"
nm1165110,Chris Hemsworth,1983,\N,"actor,producer,soundtrack","tt0796366,tt1735898,tt3501632,tt0848228",tt4154756,tt4154756,8.4,1171914,tt4154756,movie,Avengers: Infinity War,Avengers: Infinity War,0,2018,\N,149,"Action,Adventure,Sci-Fi"
nm1165110,Chris Hemsworth,1983,\N,"actor,producer,soundtrack","tt0796366,tt1735898,tt3501632,tt0848228",tt4154796,tt4154796,8.4,1232403,tt4154796,movie,Avengers: Endgame,Avengers: Endgame,0,2019,\N,181,"Action,Adventure,Drama"
nm1165110,Chris Hemsworth,1983,\N,"actor,producer,soundtrack","tt0796366,tt1735898,tt3501632,tt0848228",tt8936646,tt8936646,6.8,255313,tt8936646,movie,Extraction,Extraction,0,2020,\N,116,"Action,Thriller"
nm1165110,Chris Hemsworth,1983,\N,"actor,producer,soundtrack","tt0796366,tt1735898,tt3501632,tt0848228",tt9783600,tt9783600,5.5,64747,tt9783600,movie,Spiderhead,Spiderhead,0,2022,\N,106,"Action,Crime,Drama"
nm2018237,Taylor Kitsch,1981,\N,"actor,producer,director","tt0758745,tt1440129,tt0401729,tt0458525",tt0401729,tt0401729,6.6,283151,tt0401729,movie,John Carter,John Carter,0,2012,\N,132,"Action,Adventure,Sci-Fi"
nm2018237,Taylor Kitsch,1981,\N,"actor,producer,director","tt0758745,tt1440129,tt0401729,tt0458525",tt0475944,tt0475944,5.2,51662,tt0475944,movie,The Covenant,The Covenant,0,2006,\N,97,"Action,Adventure,Fantasy"
nm2018237,Taylor Kitsch,1981,\N,"actor,producer,director","tt0758745,tt1440129,tt0401729,tt0458525",tt1091191,tt1091191,7.5,302546,tt1091191,movie,Lone Survivor,Lone Survivor,0,2013,\N,121,"Action,Biography,Drama"
nm2018237,Taylor Kitsch,1981,\N,"actor,producer,director","tt0758745,tt1440129,tt0401729,tt0458525",tt1173687,tt1173687,6.9,11191,tt1173687,movie,The Bang Bang Club,The Bang Bang Club,0,2010,\N,106,"Biography,Drama,History"
nm2018237,Taylor Kitsch,1981,\N,"actor,producer,director","tt0758745,tt1440129,tt0401729,tt0458525",tt1615065,tt1615065,6.4,133533,tt1615065,movie,Savages,Savages,0,2012,\N,131,"Action,Crime,Drama"
nm2018237,Taylor Kitsch,1981,\N,"actor,producer,director","tt0758745,tt1440129,tt0401729,tt0458525",tt1961175,tt1961175,6.2,87622,tt1961175,movie,American Assassin,American Assassin,0,2017,\N,111,"Action,Thriller"
nm2018237,Taylor Kitsch,1981,\N,"actor,producer,director","tt0758745,tt1440129,tt0401729,tt0458525",tt2319580,tt2319580,7.0,18924,tt2319580,movie,The Grand Seduction,The Grand Seduction,0,2013,\N,113,Comedy
nm2018237,Taylor Kitsch,1981,\N,"actor,producer,director","tt0758745,tt1440129,tt0401729,tt0458525",tt5161658,tt5161658,4.4,783,tt5161658,movie,Bling,Bling,0,2016,\N,82,"Action,Animation,Comedy"
nm3053338,Margot Robbie,1990,\N,"actress,producer,soundtrack","tt7713068,tt0993846,tt1386697,tt5580036",tt0900387,tt0900387,7.0,28126,tt0900387,movie,Suite Française,Suite Française,0,2014,\N,107,"Drama,Romance,Thriller"
nm3053338,Margot Robbie,1990,\N,"actress,producer,soundtrack","tt7713068,tt0993846,tt1386697,tt5580036",tt0993846,tt0993846,8.2,1535779,tt0993846,movie,The Wolf of Wall Street,The Wolf of Wall Street,0,2013,\N,180,"Biography,Comedy,Crime"
nm3053338,Margot Robbie,1990,\N,"actress,producer,soundtrack","tt7713068,tt0993846,tt1386697,tt5580036",tt10304142,tt10304142,6.1,87224,tt10304142,movie,Amsterdam,Amsterdam,0,2022,\N,134,"Comedy,Drama,History"
nm3053338,Margot Robbie,1990,\N,"actress,producer,soundtrack","tt7713068,tt0993846,tt1386697,tt5580036",tt10640346,tt10640346,7.1,154664,tt10640346,movie,Babylon,Babylon,0,2022,\N,189,"Comedy,Drama,History"
nm3053338,Margot Robbie,1990,\N,"actress,producer,soundtrack","tt7713068,tt0993846,tt1386697,tt5580036",tt11852794,tt11852794,7.4,15,tt11852794,movie,Under Cover,Under Cover,0,2022,\N,91,Documentary
nm3053338,Margot Robbie,1990,\N,"actress,producer,soundtrack","tt7713068,tt0993846,tt1386697,tt5580036",tt1386697,tt1386697,5.9,713095,tt1386697,movie,Suicide Squad,Suicide Squad,0,2016,\N,123,"Action,Adventure,Fantasy"
nm3053338,Margot Robbie,1990,\N,"actress,producer,soundtrack","tt7713068,tt0993846,tt1386697,tt5580036",tt1475569,tt1475569,2.5,674,tt1475569,movie,I.C.U.,I.C.U.,0,2009,\N,85,"Horror,Thriller"
nm3053338,Margot Robbie,1990,\N,"actress,producer,soundtrack","tt7713068,tt0993846,tt1386697,tt5580036",tt1489264,tt1489264,2.6,522,tt1489264,movie,Vigilante,Vigilante,0,2008,\N,90,Action
nm3053338,Margot Robbie,1990,\N,"actress,producer,soundtrack","tt7713068,tt0993846,tt1386697,tt5580036",tt1517268,tt1517268,7.0,405304,tt1517268,movie,Barbie,Barbie,0,2023,\N,114,"Adventure,Comedy,Fantasy"
nm3053338,Margot Robbie,1990,\N,"actress,producer,soundtrack","tt7713068,tt0993846,tt1386697,tt5580036",tt1598642,tt1598642,6.0,32324,tt1598642,movie,Z for Zachariah,Z for Zachariah,0,2015,\N,98,"Drama,Romance,Sci-Fi"
nm3053338,Margot Robbie,1990,\N,"actress,producer,soundtrack","tt7713068,tt0993846,tt1386697,tt5580036",tt1653665,tt1653665,7.1,29373,tt1653665,movie,Goodbye Christopher Robin,Goodbye Christopher Robin,0,2017,\N,107,"Biography,Drama,Family"
nm3053338,Margot Robbie,1990,\N,"actress,producer,soundtrack","tt7713068,tt0993846,tt1386697,tt5580036",tt2328900,tt2328900,6.3,54278,tt2328900,movie,Mary Queen of Scots,Mary Queen of Scots,0,2018,\N,124,"Biography,Drama,History"
nm3053338,Margot Robbie,1990,\N,"actress,producer,soundtrack","tt7713068,tt0993846,tt1386697,tt5580036",tt2381941,tt2381941,6.6,269537,tt2381941,movie,Focus,Focus,0,2015,\N,105,"Comedy,Crime,Drama"
nm3053338,Margot Robbie,1990,\N,"actress,producer,soundtrack","tt7713068,tt0993846,tt1386697,tt5580036",tt3553442,tt3553442,6.6,54922,tt3553442,movie,Whiskey Tango Foxtrot,Whiskey Tango Foxtrot,0,2016,\N,112,"Biography,Comedy,Drama"
nm3053338,Margot Robbie,1990,\N,"actress,producer,soundtrack","tt7713068,tt0993846,tt1386697,tt5580036",tt4463816,tt4463816,5.3,24641,tt4463816,movie,Terminal,Terminal,0,2018,\N,95,"Action,Comedy,Crime"
nm3053338,Margot Robbie,1990,\N,"actress,producer,soundtrack","tt7713068,tt0993846,tt1386697,tt5580036",tt5294522,tt5294522,5.9,8144,tt5294522,movie,Dreamland,Dreamland,0,2019,\N,98,"Drama,Thriller,Western"
nm3053338,Margot Robbie,1990,\N,"actress,producer,soundtrack","tt7713068,tt0993846,tt1386697,tt5580036",tt5580036,tt5580036,7.5,236785,tt5580036,movie,"I, Tonya","I, Tonya",0,2017,\N,119,"Biography,Comedy,Drama"
nm3053338,Margot Robbie,1990,\N,"actress,producer,soundtrack","tt7713068,tt0993846,tt1386697,tt5580036",tt6334354,tt6334354,7.2,394540,tt6334354,movie,The Suicide Squad,The Suicide Squad,0,2021,\N,132,"Action,Adventure,Comedy"
nm3053338,Margot Robbie,1990,\N,"actress,producer,soundtrack","tt7713068,tt0993846,tt1386697,tt5580036",tt6394270,tt6394270,6.8,124355,tt6394270,movie,Bombshell,Bombshell,0,2019,\N,109,"Biography,Drama"
nm3053338,Margot Robbie,1990,\N,"actress,producer,soundtrack","tt7713068,tt0993846,tt1386697,tt5580036",tt7131622,tt7131622,7.6,814002,tt7131622,movie,Once Upon a Time in Hollywood,Once Upon a Time in... Hollywood,0,2019,\N,161,"Comedy,Drama"
nm3053338,Margot Robbie,1990,\N,"actress,producer,soundtrack","tt7713068,tt0993846,tt1386697,tt5580036",tt7713068,tt7713068,6.1,259314,tt7713068,movie,Birds of Prey,Birds of Prey and the Fantabulous Emancipation of One Harley Quinn,0,2020,\N,109,"Action,Comedy,Crime"
nm8076281,Emma Mackey,1996,\N,actress,"tt10366514,tt7657566,tt1517268,tt12374656",tt10366514,tt10366514,6.2,6993,tt10366514,movie,Eiffel,Eiffel,0,2021,\N,108,"Biography,Drama,History"
nm8076281,Emma Mackey,1996,\N,actress,"tt10366514,tt7657566,tt1517268,tt12374656",tt12374656,tt12374656,6.8,7390,tt12374656,movie,Emily,Emily,0,2022,\N,130,"Biography,Drama,History"
nm8076281,Emma Mackey,1996,\N,actress,"tt10366514,tt7657566,tt1517268,tt12374656",tt9778348,tt9778348,4.6,1212,tt9778348,movie,The Winter Lake,The Winter Lake,0,2020,\N,92,"Drama,Mystery,Thriller"
