primaryName,tconst_x,averageRating,numVotes,titleType,primaryTitle,isAdult,runtimeMinutes
Michael Johnson,tt0159163,8.1,42,tvSeries,The Expert,0,50
Michael Johnson,tt0057757,7.9,175,tvSeries,The Human Jungle,0,60
Michael Johnson,tt0159897,7.1,38,tvSeries,The Newcomers,0,30
Michael Johnson,tt0064030,7.4,7999,movie,Anne of the Thousand Days,0,145
Michael Johnson,tt0103460,6.5,2583,tvSeries,Kung Fu: The Legend Continues,0,60
Michael Johnson,tt0103460,6.5,2583,tvSeries,Kung Fu: The Legend Continues,0,60
Michael Johnson,tt4049416,5.2,205,tvSeries,Lego Friends,0,4
Michael Johnson,tt0113048,4.4,349,movie,Felony,0,93
Michael Johnson,tt0081485,6.5,1117,movie,Serial,0,86
Michael Johnson,tt0084886,5.7,230,movie,Waltz Across Texas,0,99
Michael Johnson,tt0088892,6.1,243,movie,Cease Fire,0,97
Michael Johnson,tt0100150,7.7,140319,movie,Miller's Crossing,0,115
Michael Johnson,tt0102138,8.0,167188,movie,JFK,0,189
Michael Johnson,tt0105323,8.0,321469,movie,Scent of a Woman,0,156
Michael Johnson,tt0181984,7.0,55864,movie,Boiler Room,0,120
Michael Johnson,tt0118541,5.4,10965,movie,8 Heads in a Duffel Bag,0,95
Michael Johnson,tt0265859,5.5,1400,movie,Tempted,0,95
Michael Johnson,tt0251951,4.1,529,movie,Pretty Cool,0,92
Michael Johnson,tt0096734,6.8,81756,movie,The 'Burbs,0,102
Michael Johnson,tt0119453,6.3,1518,movie,A Merry War,0,101
Michael Johnson,tt0119348,7.3,928,tvMiniSeries,The Ice House,0,172
Michael Johnson,tt0115305,8.6,2308,tvMiniSeries,Our Friends in the North,0,623
Michael Johnson,tt0130761,6.4,697,movie,Heart,0,85
Michael Johnson,tt0163657,5.7,21,movie,Happiness Is...,0,67
Michael Johnson,tt0111070,6.5,129565,movie,The Santa Clause,0,97
Michael Johnson,tt0110955,6.9,26078,movie,The Ref,0,97
Michael Johnson,tt0272207,7.1,42674,movie,Narc,0,105
Michael Johnson,tt1059475,7.8,18365,tvSeries,Flashpoint,0,41
Michael Johnson,tt0151137,6.4,69046,movie,The Messenger: The Story of Joan of Arc,0,158
Chris Smith,tt11697992,1.0,144,tvSeries,Chris Smith Tonight,0,60
Chris Smith,tt0181288,7.8,18993,movie,American Movie,0,107
Chris Smith,tt7214762,7.6,27558,movie,Jim & Andy: The Great Beyond,0,94
Chris Smith,tt9412098,7.2,51152,movie,Fyre,0,97
Chris Smith,tt11823076,7.5,85493,tvSeries,Tiger King,0,45
Chris Smith,tt0116289,5.4,11453,movie,Feeling Minnesota,0,99
Chris Smith,tt0102744,6.9,23932,movie,Quigley Down Under,0,119
Chris Smith,tt0094152,4.3,1108,movie,The Time Guardian,0,87
David Smith,tt0094152,4.3,1108,movie,The Time Guardian,0,87
Chris Smith,tt0089530,6.2,145117,movie,Mad Max Beyond Thunderdome,0,107
David Smith,tt0089530,6.2,145117,movie,Mad Max Beyond Thunderdome,0,107
Chris Smith,tt0108171,6.1,25170,movie,Sniper,0,98
Chris Smith,tt0120738,5.2,74359,movie,Lost in Space,0,130
Chris Smith,tt0167261,8.8,1747311,movie,The Lord of the Rings: The Two Towers,0,179
Chris Smith,tt0120737,8.8,1964780,movie,The Lord of the Rings: The Fellowship of the Ring,0,178
Chris Smith,tt0167260,9.0,1937948,movie,The Lord of the Rings: The Return of the King,0,201
Chris Smith,tt0126527,3.4,823,movie,A Night to Dismember,0,69
Chris Smith,tt0129851,5.3,141,movie,Slipping Into Darkness,0,86
Chris Smith,tt0278171,7.0,52,tvSeries,Bill Bryson: Notes from a Small Island,0,25
David Smith,tt0119051,6.9,77822,movie,The Edge,0,117
David Smith,tt0114746,8.0,639087,movie,12 Monkeys,0,129
David Smith,tt0206634,7.9,521794,movie,Children of Men,0,109
David Smith,tt0240510,6.5,35233,movie,The Four Feathers,0,132
David Smith,tt0014759,6.3,77,movie,Captain Blood,0,110
David Smith,tt0116530,8.0,12,movie,High Road,0,80
David Smith,tt0116530,8.0,12,movie,High Road,0,80
David Smith,tt0271061,8.8,4425,tvSpecial,Metallica: S&M,0,145
David Smith,tt0103893,5.7,48632,movie,Buffy the Vampire Slayer,0,86
David Smith,tt0159876,7.9,867,tvSeries,Great Performances,0,180
David Smith,tt0498964,8.1,41,tvSeries,In Concert,0,90
David Smith,tt0165042,8.7,275,tvSeries,Live from Lincoln Center,0,180
David Smith,tt0358678,8.4,107,tvSpecial,Rolling Stones: Forty Licks World Tour Live at Madison Square Garden,0,120
David Smith,tt0978075,6.3,29,tvSeries,Lateline,0,35
David Smith,tt0114024,4.2,209,movie,Object of Obsession,0,91
David Smith,tt0239352,8.6,65,tvMovie,Don Giovanni,0,191
David Smith,tt0457939,6.9,310567,movie,The Holiday,0,136
David Smith,tt2267998,8.1,1043737,movie,Gone Girl,0,149
David Smith,tt1570728,7.4,551736,movie,"Crazy, Stupid, Love.",0,118
David Smith,tt0109125,5.2,408,movie,Angel of Destruction,0,86
David Smith,tt0095556,4.6,460,movie,Lucky Stiff,0,82
David Smith,tt0114238,5.5,92,movie,Raw Target,0,92
David Smith,tt0272381,7.9,69,tvSeries,The Flaxton Boys,0,30
David Smith,tt0114537,4.8,633,video,Steel Frontier,0,105
David Smith,tt0121765,6.6,746150,movie,Star Wars: Episode II - Attack of the Clones,0,142
David Smith,tt9032400,6.3,375368,movie,Eternals,0,156
David Smith,tt2015381,8.0,1253719,movie,Guardians of the Galaxy,0,121
David Smith,tt0120915,6.5,842513,movie,Star Wars: Episode I - The Phantom Menace,0,136
David Smith,tt0098806,7.9,59,tvMiniSeries,Golden Fiddles,0,240
David Smith,tt0114503,4.4,78,movie,Soul Survivor,0,89
David Smith,tt0365927,5.6,22,movie,Whitcomb's War,0,67
David Smith,tt0220792,7.2,9,movie,Superbob,0,83
David Smith,tt0113823,7.9,38,movie,Milk and Honey,0,89
David Smith,tt0209871,5.2,199,short,The ABC's of Sex Education for Trainable Persons,0,20
David Smith,tt0111161,9.3,2830206,movie,The Shawshank Redemption,0,142
David Smith,tt0112762,4.2,708,video,Cyber-Tracker 2,0,97
David Smith,tt0114752,4.0,503,movie,Two-Bits & Pepper,0,89
David Smith,tt0114224,5.7,793,movie,Rage,0,94
David Smith,tt0219724,6.1,28,movie,Gutter Trash,0,74
David Smith,tt0237458,5.0,6,movie,Mexique mort ou vif,0,53
Michael Smith,tt0047757,7.6,851,tvSeries,The Mickey Mouse Club,0,60
Michael Smith,tt0046592,8.0,259,tvSeries,December Bride,0,30
Michael Smith,tt0054041,5.4,330,movie,Ma Barker's Killer Brood,0,89
Michael Smith,tt0063984,4.2,20,movie,The Activist,0,87
Michael Smith,tt0182996,3.8,3442,movie,Don't Go in the Woods,0,82
Michael Smith,tt0093200,6.9,6222,movie,Hollywood Shuffle,0,81
Michael Smith,tt0108551,7.3,24136,movie,What's Love Got to Do with It,0,118
Michael Smith,tt0105573,5.7,1221,movie,There Goes the Neighborhood,0,88
Michael Smith,tt0094025,6.7,28141,movie,Stakeout,0,117
Michael Smith,tt0083944,7.7,270161,movie,First Blood,0,93
Michael Smith,tt0329101,5.7,125990,movie,Freddy vs. Jason,0,97
Michael Smith,tt0120657,6.6,130552,movie,The 13th Warrior,0,102
Michael Smith,tt0824229,1.5,227,tvSeries,Today Tonight,0,30
Michael Smith,tt6518878,1.9,199,tvSeries,Paul Murray Live,0,120
Michael Smith,tt1974671,8.0,156,tvSeries,Go Back to Where You Came From,0,171
Michael Smith,tt1604928,8.3,36,tvSeries,Insight,0,60
Michael Smith,tt0240305,8.3,77,tvSeries,Where the Action Is,0,60
Michael Smith,tt0173955,8.1,13,tvSpecial,Kenny Rogers and the First Edition: Rollin' on the River,0,48
Michael Smith,tt0083539,7.5,38,movie,All by Myself: The Eartha Kitt Story,0,87
Michael Smith,tt0119685,4.9,64,movie,Mobius,0,96
Michael Smith,tt0301212,5.5,47,tvMovie,Donner,0,30
Michael Smith,tt0093640,7.1,44724,movie,No Way Out,0,114
Michael Smith,tt0048960,6.7,29192,movie,Around the World in 80 Days,0,167
Michael Smith,tt0041308,6.4,608,movie,The Doolins of Oklahoma,0,90
Michael Smith,tt0036719,6.5,1551,movie,The Conspirators,0,101
Michael Smith,tt0157583,6.4,21748,movie,Enigma,0,119
Michael Smith,tt0114648,4.5,598,movie,Terminal Justice,0,94
Michael Smith,tt0094737,7.3,235946,movie,Big,0,104
Michael Smith,tt1001508,6.4,180402,movie,He's Just Not That Into You,0,129
Michael Smith,tt0093818,7.4,35600,movie,Radio Days,0,88
Michael Smith,tt0427392,5.9,81764,movie,The Invasion,0,99
Michael Smith,tt1594381,6.1,1208,tvSeries,Team Umizoomi,0,24
Michael Smith,tt0163929,6.9,6527,tvSeries,Blue's Clues,0,25
Michael Smith,tt1105469,6.0,1091,tvSeries,Super Why!,0,30
David Smith,tt0766227,8.0,9,tvSeries,Mirrorball,0,40
David Smith,tt0291015,6.5,170,short,Amarillo by Morning,0,29
Chris Smith,tt6382718,6.4,6,tvSeries,The Break Boys,0,30
Chris Smith,tt5482752,3.4,134,movie,The Edict,0,85
Chris Smith,tt5482752,3.4,134,movie,The Edict,0,85
Michael Johnson,tt5941336,6.1,66,movie,Sudsy Slim Rides Again,0,119
Michael Johnson,tt9000034,7.5,11,short,If You Knew,0,5
Michael Smith,tt8947098,5.1,28,short,The Big Break,0,13
Michael Smith,tt8992540,8.8,13,tvSeries,Welcome Home,0,30
David Smith,tt9136084,7.4,21,short,Unseen,0,15
Michael Smith,tt4458594,5.7,1073,tvSeries,Blaze and the Monster Machines,0,22
Michael Smith,tt4458594,5.7,1073,tvSeries,Blaze and the Monster Machines,0,22
David Smith,tt0067559,5.4,381,movie,The Peace Killers,0,88
Michael Smith,tt9197176,8.8,10,movie,Papers Xii: Paper Trail Pt 2.,0,132
Chris Smith,tt9265188,7.5,9,tvMiniSeries,Made in Britain,0,270
Michael Smith,tt8496508,6.8,415,tvSeries,The Heights,0,30
Michael Smith,tt0092999,9.2,714,tvSeries,Eyes on the Prize,0,360
Michael Smith,tt0270211,7.8,190,movie,Attica,0,80
Michael Smith,tt0237630,6.6,377,short,REW FFWD,0,31
David Smith,tt0218049,8.0,31,tvMovie,Biographies: The Enigma of Bobby Bittman,0,30
Michael Johnson,tt11231356,2.9,135,movie,Beneath the Green,0,80
David Smith,tt0280241,5.7,1409,tvMovie,Black River,0,84
David Smith,tt0081857,3.6,2712,tvSeries,Entertainment Tonight,0,30
David Smith,tt0277744,5.2,1483,movie,Dead Heat,0,94
David Smith,tt0184955,7.3,40,short,Tilt,0,36
Michael Johnson,tt2386278,5.1,8627,movie,Haunt,0,86
Chris Smith,tt3961576,7.0,18,tvMovie,Mel Smith: I've Sort of Done Things,0,60
Chris Smith,tt7851804,5.0,39,short,Hippopotamus,0,15
Chris Smith,tt1554356,7.3,1022,tvSeries,On the Case with Paula Zahn,0,60
Chris Smith,tt0423652,8.2,4122,tvSeries,The First 48,0,60
Michael Smith,tt0423652,8.2,4122,tvSeries,The First 48,0,60
Michael Johnson,tt0423652,8.2,4122,tvSeries,The First 48,0,60
Michael Smith,tt0423652,8.2,4122,tvSeries,The First 48,0,60
Chris Smith,tt6348126,6.8,781,tvSeries,Beyblade Burst,0,24
Chris Smith,tt6348126,6.8,781,tvSeries,Beyblade Burst,0,24
Michael Johnson,tt9561862,8.4,189279,tvSeries,"Love, Death & Robots",0,15
Michael Johnson,tt7637778,5.4,147,movie,DC Noir,0,94
Michael Johnson,tt7364756,7.6,114,movie,Sinners Wanted,0,98
Michael Johnson,tt8722624,6.2,1067,movie,Really Love,0,95
Michael Johnson,tt0123338,7.5,4243,tvSeries,60 Minutes,0,60
David Smith,tt0123338,7.5,4243,tvSeries,60 Minutes,0,60
David Smith,tt0123338,7.5,4243,tvSeries,60 Minutes,0,60
Chris Smith,tt2338454,5.6,20567,movie,Unicorn Store,0,92
Michael Smith,tt7833994,5.9,160,movie,L'affaire Jack King,0,52
Michael Johnson,tt11863046,6.6,3126,movie,The Edge of All We Know,0,99
David Smith,tt10400110,7.3,7,short,The Circle,0,15
Michael Johnson,tt7736968,5.5,362,movie,5 Years Apart,0,76
David Smith,tt6246396,7.7,47,short,Bone Mother,0,8
Michael Johnson,tt9042408,5.3,377,tvSeries,The Master of Ragnarok and Blesser of Einherjar,0,23
Chris Smith,tt10269016,7.1,156,movie,Are You Proud?,0,100
Michael Johnson,tt10479726,4.0,169,movie,Mags and Julie Go on a Road Trip.,0,116
David Smith,tt0088147,6.5,61,movie,Solo,0,96
David Smith,tt0127503,4.1,586,movie,Death House,0,90
Chris Smith,tt10855234,8.9,49,short,Calf Rope,0,28
Michael Smith,tt0271022,5.9,293,tvMiniSeries,The Judge,0,120
Michael Smith,tt0113706,6.2,49,tvSeries,Love Street,0,30
Chris Smith,tt0094715,7.0,28469,movie,Beaches,0,123
Chris Smith,tt0051525,7.6,17184,movie,The Defiant Ones,0,96
Chris Smith,tt0044119,6.1,1101,movie,That's My Boy,0,104
Chris Smith,tt0099951,6.6,8915,movie,The Krays,0,115
Michael Smith,tt8203706,8.1,584,movie,American Deep State,0,139
Michael Smith,tt8203706,8.1,584,movie,American Deep State,0,139
Chris Smith,tt0358809,6.3,17,tvSeries,Critical Rescue,0,60
Chris Smith,tt0309152,7.9,1299,tvSeries,The F.B.I. Files,0,60
Chris Smith,tt0360255,8.8,29,tvSeries,Diagnosis: Unknown,0,60
Chris Smith,tt0482420,8.3,22,tvSeries,Psychic Witness,0,48
Michael Smith,tt2558816,6.9,3041,tvSeries,Eastsiders,0,115
David Smith,tt7745956,8.1,18567,tvSeries,She-Ra and the Princesses of Power,0,30
Chris Smith,tt12020444,8.0,13,tvSeries,Joseph & Lindsey,0,4
Chris Smith,tt12020444,8.0,13,tvSeries,Joseph & Lindsey,0,4
Michael Johnson,tt11524214,9.5,32,tvSeries,Water Helps the Blood Run,0,30
Michael Smith,tt11673158,7.0,31,video,Budweiser: Frogs,0,1
David Smith,tt5313772,8.6,12,tvMovie,Cameraman to the Queen,0,48
Michael Johnson,tt0185058,7.8,15,tvSeries,Crimewatch File,0,50
David Smith,tt0244339,7.4,43,tvSeries,The Don Lane Show,0,90
Michael Johnson,tt11809046,2.7,31,tvMovie,The BRITs at 40,0,120
Chris Smith,tt15102804,5.9,25,tvSeries,Tonight LIVE with Mark Dolan,0,180
Chris Smith,tt3644198,3.1,730,tvSeries,Good Morning Britain,0,180
David Smith,tt3644198,3.1,730,tvSeries,Good Morning Britain,0,180
Michael Smith,tt0103549,8.3,245,tvSeries,Sightings,0,60
David Smith,tt0103549,8.3,245,tvSeries,Sightings,0,60
Michael Johnson,tt7657494,2.5,42,tvSeries,Credlin,0,60
Michael Smith,tt0071576,6.2,494,tvMovie,Great Expectations,0,124
Michael Smith,tt0077069,6.7,560,tvSeries,Return of the Saint,0,60
Michael Smith,tt0141926,6.6,85955,movie,U-571,0,116
Chris Smith,tt6120654,8.4,20,tvSpecial,Exploring Psychic Powers Live,0,92
Chris Smith,tt0106367,8.6,2916,tvSeries,Beakman's World,0,30
Chris Smith,tt0500096,7.8,15,video,Raising Your Dog with the Monks of New Skete,0,180
Chris Smith,tt10726356,6.3,2689,tvSeries,The Big Show Show,0,27
David Smith,tt2255443,7.1,919,tvSeries,The Undateables,0,60
Chris Smith,tt8583694,6.4,1068,tvMovie,Christmas on Holly Lane,0,86
Michael Smith,tt12273762,4.3,3838,movie,Overrun,0,105
David Smith,tt0119665,6.3,3571,movie,Metroland,0,105
Chris Smith,tt9015306,7.5,1939,movie,ZZ Top: That Little Ol' Band from Texas,0,91
Michael Smith,tt12502078,6.9,88,tvSeries,Bloodline Detectives,0,45
Michael Smith,tt7274440,8.2,195,tvMiniSeries,Big Pacific,0,60
David Smith,tt12115298,7.4,751,tvMiniSeries,Helter Skelter: An American Myth,0,348
David Smith,tt6570890,4.3,24,tvSeries,Sky News Tonight,0,120
Michael Smith,tt7656606,7.5,420,tvSeries,Murder in the Heartland,0,42
Chris Smith,tt0137140,7.2,9,movie,One Bad Mice,0,88
Michael Johnson,tt6198246,4.0,1257,movie,The Great War,0,108
David Smith,tt1384816,6.8,4027,tvSeries,Mater's Tall Tales,0,36
Chris Smith,tt4667610,3.8,590,movie,American Badger,0,82
Chris Smith,tt4667610,3.8,590,movie,American Badger,0,82
Chris Smith,tt7078180,8.4,28036,tvMiniSeries,Violet Evergarden,0,24
Michael Smith,tt2456424,8.8,196,tvSeries,Richard E. Grant's Hotel Secrets,0,46
Michael Johnson,tt7550000,6.0,95909,movie,Project Power,0,113
Chris Smith,tt0042786,6.3,921,movie,The Next Voice You Hear...,0,83
Michael Johnson,tt2829712,6.6,56,tvSeries,Extreme Homes,0,60
David Smith,tt0352213,6.3,7,video,Bodyjackers,0,90
David Smith,tt13028580,6.5,919,tvSeries,Aftertaste,0,30
David Smith,tt0108927,6.3,13501,tvSeries,"Sister, Sister",0,30
David Smith,tt8946378,7.9,750206,movie,Knives Out,0,130
Michael Smith,tt0483607,5.9,79229,movie,Doomsday,0,113
David Smith,tt13416640,7.2,20,tvMiniSeries,Empires of Silver,0,175
David Smith,tt13269706,7.4,2351,tvMiniSeries,Seduced: Inside the NXIVM Cult,0,253
David Smith,tt0067174,6.9,70,movie,Hail,0,85
David Smith,tt2815902,6.1,6406,movie,The Childhood of a Leader,0,115
Chris Smith,tt0046593,8.4,2222,tvSeries,The Magical World of Disney,0,120
Chris Smith,tt0168786,7.3,37911,movie,Antwone Fisher,0,120
Michael Smith,tt7475518,7.4,31,movie,Attla,0,61
Chris Smith,tt10844026,6.5,46,movie,"All Male, All Nude: Johnsons",0,83
Chris Smith,tt0072584,6.7,3488,tvSeries,Wheel of Fortune,0,30
Michael Johnson,tt0300556,5.6,65272,movie,Timeline,0,116
Michael Johnson,tt0319200,7.1,20,short,Cliché,0,5
Michael Johnson,tt13635040,8.2,48,movie,Lunamancer,0,71
David Smith,tt11097576,7.9,428,tvSeries,On Pointe,0,50
Michael Smith,tt13612162,4.7,491,tvShort,A Recipe for Seduction,0,15
Michael Smith,tt7235270,5.8,1648,tvSpecial,The Oscars,0,187
Michael Johnson,tt0314996,7.3,548,tvSeries,Cutting It,0,59
Michael Johnson,tt0988820,7.4,5581,tvSeries,The Inspector Lynley Mysteries,0,90
Michael Johnson,tt0943903,6.8,110,tvSeries,True Dare Kiss,0,60
Michael Johnson,tt0475047,7.5,4614,tvSeries,Hotel Babylon,0,60
Michael Johnson,tt0295427,3.3,26836,movie,The Master of Disguise,0,80
Michael Johnson,tt0185103,7.7,9586,tvSeries,WWE Raw,0,60
David Smith,tt0044298,4.6,2415,tvSeries,Today,0,240
Michael Johnson,tt13875162,7.7,27,video,Special Report: Zombie Invasion,0,21
Michael Smith,tt0130121,5.9,37934,movie,Mickey Blue Eyes,0,102
Michael Smith,tt0125664,7.4,135895,movie,Man on the Moon,0,118
Michael Smith,tt0116242,6.7,38903,movie,Everyone Says I Love You,0,101
David Smith,tt0205861,6.8,33,short,Dear Diary: A Film About Female Puberty,0,26
Michael Johnson,tt1346511,7.3,21,short,The Light of Family Burnam,0,19
David Smith,tt0098820,7.9,5399,tvSeries,Have I Got News for You,0,29
David Smith,tt7316998,7.8,860,tvSeries,Richard Osman's House of Games,0,29
David Smith,tt13434218,6.4,125,tvSeries,This Is MY House,0,59
David Smith,tt7969046,6.4,72,movie,Recording in Progress,0,60
Michael Smith,tt6741278,8.7,181758,tvSeries,Invincible,0,50
Michael Smith,tt6741278,8.7,181758,tvSeries,Invincible,0,50
Chris Smith,tt9574638,8.4,21,tvSeries,Emergency Helicopter Medics,0,47
David Smith,tt0162830,7.1,5218,movie,Twin Falls Idaho,0,111
Michael Smith,tt12711158,7.7,1866,tvSeries,Demi Lovato: Dancing with the Devil,0,94
David Smith,tt6547944,5.5,70,movie,Lust for Gold: A Race Against Time,0,83
Chris Smith,tt14372154,6.7,29,movie,"Alice, Through the Looking",0,90
Michael Johnson,tt0101004,4.3,4095,movie,Zandalee,0,100
Michael Smith,tt0119203,2.7,2446,movie,Glam,0,92
Michael Smith,tt0169187,6.4,39,movie,Rockets in the Dunes,0,65
Michael Johnson,tt0112826,4.0,999,tvMovie,Deadly Invasion: The Killer Bee Nightmare,0,85
Chris Smith,tt10589968,6.4,4214,tvSeries,The Secret of Skinwalker Ranch,0,42
Michael Smith,tt0119778,6.6,5075,movie,Next Stop Wonderland,0,104
Michael Johnson,tt6767728,6.4,163,movie,All In,0,98
Michael Johnson,tt6113488,6.3,9987,movie,The Case for Christ,0,112
Michael Smith,tt6871344,8.6,1338,tvMiniSeries,Dear Mama,0,65
David Smith,tt0123003,6.0,1585,movie,Bruno,0,108
Michael Smith,tt9169318,5.2,213,movie,The Never List,0,102
Michael Johnson,tt1230168,6.6,8507,movie,Same Kind of Different as Me,0,119
David Smith,tt0499406,7.0,9,tvSeries,Quelle aventure!,0,55
David Smith,tt17351924,7.5,12126,movie,Saltburn,0,131
David Smith,tt3228774,7.3,257489,movie,Cruella,0,134
Michael Smith,tt4338138,6.6,87,movie,Those Left Behind,0,102
David Smith,tt11286314,7.2,579743,movie,Don't Look Up,0,138
Michael Smith,tt10931784,5.3,7550,movie,Nanny,0,99
Michael Smith,tt10518284,3.1,802,tvSeries,Baby Shark's Big Show!,0,24
Chris Smith,tt18352022,5.5,16,short,Together Forever,0,16
Chris Smith,tt15334664,7.2,976,movie,Who Killed the KLF?,0,88
Michael Smith,tt15567002,8.5,262,movie,Milked,0,90
Michael Smith,tt18363426,5.7,87,movie,The Beauty of Blackness,0,70
Michael Johnson,tt18271846,6.8,222,tvMiniSeries,Secrets of the Chippendales Murders,0,176
Michael Johnson,tt18569322,9.3,16,movie,Run Nixon,0,113
Michael Smith,tt1020913,7.4,4432,tvSeries,"Diners, Drive-ins and Dives",0,30
Michael Johnson,tt1334307,9.0,383,tvSeries,Unsung,0,60
Michael Smith,tt9111220,7.3,3194,tvSeries,Hudson & Rex,0,45
Chris Smith,tt13025202,7.4,2173,tvSeries,Aurora Teagarden Mysteries,0,90
Chris Smith,tt21411840,6.4,361,tvMovie,Mixed Baggage,0,90
Michael Johnson,tt0313162,5.9,1188,tvSpecial,The 74th Annual Academy Awards,0,256
Michael Johnson,tt0079573,2.6,840,movie,Monstroid,0,78
Chris Smith,tt0155197,6.0,1916,movie,Speedway Junky,0,105
David Smith,tt0983197,7.5,212,tvSeries,Four Corners,0,45
Chris Smith,tt0983197,7.5,212,tvSeries,Four Corners,0,45
Michael Smith,tt0983197,7.5,212,tvSeries,Four Corners,0,45
Michael Smith,tt0848557,5.5,48858,movie,Diary of the Dead,0,95
Michael Smith,tt0288909,7.2,113,tvSeries,Bury the Lead,0,60
Michael Smith,tt4595186,6.4,54208,movie,Luckiest Girl Alive,0,113
Michael Smith,tt1442065,7.7,18294,tvSeries,Rookie Blue,0,42
Michael Johnson,tt14923008,5.0,5024,movie,Shattered,0,92
Michael Johnson,tt0421396,7.6,1030,tvSeries,Match of the Day 2,0,45
Michael Johnson,tt0370451,5.1,174,short,Death of a Nation,0,26
Michael Smith,tt21819258,7.5,42,movie,Bonus Track,0,98
Michael Smith,tt5273720,5.0,1637,movie,All the Creatures Were Stirring,0,80
David Smith,tt0327455,7.5,50,movie,Baby Blues,0,87
Michael Smith,tt13309726,7.4,63,tvSpecial,The Monster at the End of This Story,0,30
David Smith,tt1986871,3.8,396,video,Into the Lion's Den,0,85
Chris Smith,tt21917088,7.1,270,movie,Werner Herzog: Radical Dreamer,0,102
David Smith,tt7520286,6.8,704,movie,Bisbee '17,0,112
David Smith,tt22021226,6.0,78,tvMovie,Secrets in the Family,0,88
Michael Johnson,tt0103396,7.2,3277,tvSeries,Dateline NBC,0,102
Michael Johnson,tt0166442,4.0,784,tvSeries,Inside Edition,0,30
Michael Johnson,tt0124932,6.7,2665,tvSeries,20/20,0,60
David Smith,tt0427038,5.0,4847,video,Carlito's Way: Rise to Power,0,100
David Smith,tt6451036,7.6,88,tvSeries,Planet America,0,29
Michael Smith,tt0081920,7.0,119,tvSeries,Punishment,0,50
Michael Smith,tt0108792,7.0,135,tvSeries,Halfway Across the Galaxy and Turn Left,0,25
Michael Smith,tt0083937,5.6,28,movie,Fighting Back,0,100
Michael Smith,tt0140761,8.1,34,tvSeries,The Restless Years,0,25
David Smith,tt0421199,3.5,933,tvMovie,The Fallen Ones,0,89
Michael Johnson,tt1299347,3.2,105,video,"10,000 A.D.: The Legend of a Black Pearl",0,84
Michael Johnson,tt0252299,6.7,25371,movie,Buffalo Soldiers,0,98
David Smith,tt0376321,8.4,27,video,The War of the Worlds: Great Books,0,52
David Smith,tt0293703,7.5,545,tvMovie,When Dinosaurs Roamed America,0,91
Michael Johnson,tt16183464,6.7,18061,movie,One Piece Film: Red,0,115
David Smith,tt1241226,4.8,533,movie,Locker 13,0,90
Michael Smith,tt0335013,6.2,6781,movie,The Company,0,112
Michael Johnson,tt0385988,3.6,1311,movie,Red Riding Hood,0,82
Michael Johnson,tt0201694,2.6,1128,movie,Longshot,0,93
Michael Johnson,tt0479263,6.2,124,movie,Screw Cupid,0,109
Michael Smith,tt24513716,7.0,13,movie,Nuclear War,0,105
David Smith,tt3348730,5.7,90131,movie,Jigsaw,0,92
David Smith,tt25386356,7.0,17,short,Krog is Definitely an Alien,0,10
Michael Smith,tt1630029,7.6,471511,movie,Avatar: The Way of Water,0,192
Michael Smith,tt0407323,6.2,7,tvMovie,Who Stole Bob Monkhouse's Jokes?,0,50
David Smith,tt6293468,7.6,76,tvSeries,All New Traffic Cops,0,60
Michael Smith,tt0092712,8.1,225,tvSeries,By the Sword Divided,0,50
Michael Smith,tt0077004,8.3,1506,tvSeries,The Duchess of Duke Street,0,50
Chris Smith,tt0188349,6.0,29,tvSeries,New Faces,0,52
Michael Smith,tt3155298,6.4,60559,movie,Luther: The Fallen Sun,0,129
David Smith,tt20158996,7.7,31,movie,Cuarencena,0,90
Michael Smith,tt14547524,5.7,1860,movie,National Champions,0,116
Michael Smith,tt3322314,7.3,137748,tvSeries,Luke Cage,0,55
Michael Smith,tt0136668,8.1,2428,tvSeries,SportsCenter,0,60
David Smith,tt0286218,6.3,539,movie,Thérèse: The Story of Saint Thérèse of Lisieux,0,96
Chris Smith,tt8323628,7.2,2657,tvSeries,My Life with the Walter Boys,0,50
David Smith,tt27331483,7.8,57,movie,Enter the Clones of Bruce,0,100
Michael Smith,tt0095492,5.1,129,movie,Last Man Standing,0,90
Michael Smith,tt0133302,8.6,2228,tvSeries,Frontline,0,60
Michael Johnson,tt0270804,6.6,1008,tvSeries,Soccer AM,0,180
Chris Smith,tt0446627,7.9,32,tvSeries,Laura McKenzie's Traveler,0,28
Michael Johnson,tt0287570,7.8,1146,tvSpecial,Monty Python's Flying Circus: Live at Aspen,0,58
Michael Johnson,tt0163507,8.5,45790,tvSeries,Whose Line Is It Anyway?,0,30
Michael Johnson,tt0266449,5.0,84,movie,Deadly Rhapsody,0,95
Michael Smith,tt9296958,7.6,19,tvSeries,Robservations,0,40
David Smith,tt12661314,6.0,276,movie,Far More,0,98
Michael Smith,tt2057880,5.7,870,tvSeries,Watch What Happens Live with Andy Cohen,0,22
Michael Smith,tt2057880,5.7,870,tvSeries,Watch What Happens Live with Andy Cohen,0,22
David Smith,tt0930898,7.1,10,short,The Fragile Skin,0,24
Michael Smith,tt0229332,2.2,296,movie,Demon Cop,0,81
David Smith,tt0138968,5.6,1059,tvSeries,Hollywood Squares,0,30
David Smith,tt0423775,8.3,303,tvSeries,The Worst Jobs in History,0,45
Michael Smith,tt0092677,4.8,1246,movie,Blue Monkey,0,96
Chris Smith,tt7418824,6.6,119,tvSpecial,Felipe Esparza: Translate This,0,66
David Smith,tt0077064,8.2,2153,tvSeries,Prisoner,0,50
David Smith,tt1398028,4.7,830,movie,Locked In,0,85
David Smith,tt0419160,4.4,1529,movie,Spirit Trap,0,91
David Smith,tt0365852,3.2,851,movie,Tooth,0,91
David Smith,tt1517260,5.8,117892,movie,The Host,0,125
David Smith,tt0416449,7.6,852176,movie,300,0,117
David Smith,tt0118956,6.1,40164,movie,Deep Rising,0,106
David Smith,tt0113409,7.1,77602,movie,In the Mouth of Madness,0,95
David Smith,tt0407711,8.1,12,short,Dancer,0,8
David Smith,tt2088893,6.4,1738,movie,Shell,0,91
David Smith,tt0983223,8.0,5,short,"Kissing, Tickling and Being Bored",0,20
David Smith,tt0872245,5.2,740,movie,Better Things,0,93
Michael Johnson,tt0370849,5.6,16,movie,Kings County,0,75
Michael Johnson,tt0412017,9.0,8,short,Undertow,0,12
Michael Johnson,tt0399749,8.0,11,tvSpecial,Test the Nation,0,120
Michael Smith,tt0229908,5.6,30,tvSeries,The Money Programme,0,45
Michael Smith,tt0414726,7.1,11,tvSeries,Cruise Ship,0,30
Michael Smith,tt0420499,8.4,13,short,Andy in Love,0,11
Michael Johnson,tt0425951,7.5,73,video,Demon Hunters: Dead Camper Lake,0,100
Michael Johnson,tt0910999,7.7,19,movie,Eye See Me,0,90
Michael Johnson,tt1584747,5.1,59,movie,The Magnificent Dead,0,91
David Smith,tt0305705,6.5,61,short,Joy,0,10
Chris Smith,tt0408345,5.8,59253,movie,Firewall,0,105
Chris Smith,tt0450345,3.8,70659,movie,The Wicker Man,0,102
Chris Smith,tt1325004,5.1,257174,movie,The Twilight Saga: Eclipse,0,124
Chris Smith,tt0499556,6.2,95642,movie,War,0,103
Michael Smith,tt0184510,6.2,732,movie,Get Bruce,0,82
David Smith,tt0859215,6.0,302,tvSeries,Wicked Wicked Games,0,60
David Smith,tt0462349,5.1,186,movie,Hula Gods,0,83
David Smith,tt0376994,6.6,534603,movie,X-Men: The Last Stand,0,104
David Smith,tt0369359,4.7,2323,movie,Dead Meat,0,80
Michael Smith,tt0080707,5.7,6408,movie,The Exterminator,0,104
Michael Smith,tt0100873,6.9,4147,movie,Vincent & Theo,0,140
Michael Johnson,tt0298814,5.5,106016,movie,The Core,0,135
Michael Johnson,tt0340163,6.5,112994,movie,Hostage,0,113
Michael Johnson,tt0120903,7.3,637754,movie,X-Men,0,104
Michael Johnson,tt0242653,6.7,535962,movie,The Matrix Revolutions,0,129
Michael Smith,tt0372184,5.5,65,video,Brain Blockers,0,82
David Smith,tt0380615,7.3,1774,movie,Paper Clips,0,82
Chris Smith,tt5607614,8.9,11,tvSeries,Dance-Off Juniors,0,30
Chris Smith,tt1811179,8.0,4089,tvSeries,Penn & Teller: Fool Us,0,60
Chris Smith,tt1844181,7.2,549,tvSeries,Tia & Tamera,0,43
Chris Smith,tt1844181,7.2,549,tvSeries,Tia & Tamera,0,43
Chris Smith,tt0446809,7.8,9101,tvSeries,Deadliest Catch,0,55
Chris Smith,tt0491758,6.8,609,tvSeries,Dallas Cowboys Cheerleaders: Making the Team,0,30
Michael Johnson,tt1008046,7.3,44,movie,The Steamroom,0,91
Michael Johnson,tt0199725,7.2,23526,movie,Love & Basketball,0,124
Michael Johnson,tt0120655,7.3,226024,movie,Dogma,0,130
Chris Smith,tt0181776,4.2,109,movie,The Process,0,90
Michael Johnson,tt4118466,7.2,5531,tvSeries,Incorporated,0,43
Michael Johnson,tt0465616,3.3,330,movie,Stagknight,0,79
Chris Smith,tt0469918,6.9,21,short,The Hunger,0,10
Chris Smith,tt1084658,6.2,22,short,2 Naughty Schoolgirls,0,2
Michael Smith,tt1033805,7.2,337,tvSeries,E:60,0,60
Michael Smith,tt0472970,4.6,105,tvSeries,Quite Frankly with Stephen A. Smith,0,60
Michael Johnson,tt1344582,9.4,18,short,Brothers Incorporated,0,22
Chris Smith,tt0092339,7.0,7682,tvSeries,A Different World,0,60
Chris Smith,tt0315466,4.5,361,movie,Day of the Sirens,0,92
Chris Smith,tt8365008,7.0,25,tvSeries,Love in the Countryside,0,60
Michael Johnson,tt0424247,5.1,120,tvMovie,The Love Crimes of Gillian Guess,0,91
Michael Johnson,tt1264881,5.9,153,movie,"Ulybka Boga, ili Chisto odesskaya istoriya",0,117
Chris Smith,tt1252478,7.8,10,video,Davie & Golimyr,0,45
Chris Smith,tt0487891,3.6,276,movie,Day X,0,81
Chris Smith,tt0485902,8.8,15,short,The Fantastic Escape,0,4
Michael Johnson,tt0387117,6.0,1067,movie,Childstar,0,98
Michael Johnson,tt6740188,7.2,279,tvSeries,Sakura Quest,0,24
Michael Johnson,tt0206013,7.1,15478,movie,My Neighbors the Yamadas,0,104
Michael Smith,tt0349470,5.4,13,movie,The Friggin' Mafia Movie,0,86
Michael Smith,tt0092969,6.2,961,movie,Enemy Territory,0,89
Michael Smith,tt0113716,5.7,35,movie,Lucky Punch,0,100
Michael Smith,tt0493456,4.1,296,movie,Soul's Midnight,0,90
Michael Johnson,tt0466669,5.4,1201,movie,Almost Normal,0,90
Michael Johnson,tt0109305,6.3,14886,movie,Blue Chips,0,108
Chris Smith,tt0361226,8.9,59,tvSeries,Portal,0,30
Chris Smith,tt0805338,7.8,36,movie,Two Headed Cow,0,87
David Smith,tt0094416,8.6,2134,tvSeries,American Experience,0,223
David Smith,tt0756349,6.5,15,tvMovie,Superflu: Race Against a Killer,0,52
Chris Smith,tt1081942,4.5,337,movie,Bodyguard: A New Beginning,0,95
Chris Smith,tt0096532,6.6,3157,tvSeries,American Gladiators,0,60
Chris Smith,tt0870209,4.2,590,movie,Underground,0,95
Chris Smith,tt0481509,2.7,798,movie,Displaced,0,99
David Smith,tt0270147,7.1,18,tvSeries,The Mike Walsh Show,0,120
David Smith,tt0243701,7.4,21,tvSeries,The Ernie Sigley Show,0,90
Michael Smith,tt0800183,3.4,130,movie,Dead Write,0,88
Michael Smith,tt0810941,6.8,12,short,The Light,0,10
David Smith,tt0491031,6.5,52,movie,Lincoln and Lee at Antietam: The Cost of Freedom,0,90
Chris Smith,tt0811154,7.6,77,movie,Wetlands Preserved: The Story of an Activist Nightclub,0,93
David Smith,tt0840094,6.6,3266,tvSeries,Five Days,0,300
David Smith,tt1769411,7.9,2837,tvSeries,Accused,0,60
David Smith,tt10889636,7.1,2435,videoGame,The Dark Pictures: Little Hope,0,211
Chris Smith,tt0832320,7.0,203,movie,Trantasia,0,92
Chris Smith,tt0401946,5.1,184,tvSeries,Inked,0,30
Chris Smith,tt1130074,7.7,110,tvSeries,The Baby Borrowers,0,60
Chris Smith,tt1093373,7.2,41,movie,The Last Tomorrow,0,90
Michael Smith,tt1103269,7.8,31,movie,Cornhole: The Movie,0,90
Michael Smith,tt0949430,6.1,53,video,Into the Woods,0,78
Chris Smith,tt1032009,7.6,49,short,The Bet,0,19
Michael Smith,tt0997016,7.8,417,tvSeries,The Circuit,0,312
David Smith,tt0816189,7.5,54,tvSeries,Nerds FC,0,30
Michael Smith,tt1059789,6.2,11,short,First in Line,0,5
Chris Smith,tt1176455,4.3,75,video,"Right Place, Wrong Time",0,90
Chris Smith,tt0193247,8.9,17,movie,James Herriot's Yorkshire,0,75
Chris Smith,tt1757841,2.9,152,movie,Predator: The Quietus,0,91
Chris Smith,tt1757841,2.9,152,movie,Predator: The Quietus,0,91
Chris Smith,tt0489137,7.5,45,movie,The Last Round,0,90
Chris Smith,tt2211248,9.3,53,tvSeries,The London Programme,0,60
Chris Smith,tt0181269,6.9,94,tvSeries,World in Action,0,30
David Smith,tt1118666,8.6,12,short,Departure,0,12
David Smith,tt2409992,8.2,5,short,Killing Woods,0,27
Chris Smith,tt0245674,5.6,92555,movie,Thir13en Ghosts,0,91
David Smith,tt1130087,6.2,503,movie,16 to Life,0,89
David Smith,tt0377107,6.7,45984,movie,Proof,0,100
Michael Smith,tt0100464,4.7,329,movie,Rising Storm,0,95
Michael Smith,tt1421009,5.5,80,tvSeries,Who Wants to Be a Millionaire: Hot Seat,0,60
David Smith,tt0078939,6.4,82,movie,Captain Lust,1,80
David Smith,tt1071246,7.9,496,tvMovie,J.K. Rowling: A Year in the Life,0,60
David Smith,tt7825508,7.1,33,tvMovie,Lucy Worsley: Mozart's London Odyssey,0,59
David Smith,tt7508502,7.6,34,tvMovie,Lucy Worsley: Elizabeth I's Battle for God's Music,0,60
Michael Smith,tt1157644,6.2,22,short,The Funeral,0,9
David Smith,tt10081386,7.6,494,tvSeries,Very Scary People,0,42
David Smith,tt0092322,7.7,2068,tvSeries,Biography,0,60
David Smith,tt0103349,8.1,829,tvSeries,American Justice,0,60
David Smith,tt1319260,7.9,1948,tvSeries,Deadly Women,0,43
Michael Johnson,tt1196615,8.6,7,video,Detention,1,140
Michael Smith,tt1266540,8.6,5,short,Beheading of a Smiling Dog,0,7
Michael Smith,tt1189372,4.3,57,video,The Audience Strikes Back,0,111
Michael Smith,tt1846444,2.2,6245,video,2012: Ice Age,0,91
Michael Smith,tt0489244,3.1,3854,movie,Night of the Living Dead 3D,0,80
Michael Smith,tt1212077,7.4,12,movie,Creative Differences,0,82
David Smith,tt0839188,8.3,17930,tvSeries,Metalocalypse,0,11
David Smith,tt0839188,8.3,17930,tvSeries,Metalocalypse,0,11
David Smith,tt0085010,5.4,172,tvSeries,The Dukes,0,30
Chris Smith,tt1210106,5.3,8797,movie,St Trinian's 2: The Legend of Fritton's Gold,0,106
Chris Smith,tt1215172,7.6,38,movie,We Need to Talk About Kieran,0,100
David Smith,tt0242888,6.5,9086,movie,The Sleeping Dictionary,0,109
Chris Smith,tt1258935,6.4,108,movie,Dreams and Shadows,0,95
Chris Smith,tt1904931,8.1,20,movie,In Search of the Black Knight,0,73
Chris Smith,tt13871364,4.6,123,movie,The Way,0,90
Chris Smith,tt1199472,5.0,101,movie,Heist,0,90
David Smith,tt0359984,4.1,1545,movie,Silence Becomes You,0,88
David Smith,tt1961656,7.8,58,movie,We Are Poets,0,84
David Smith,tt6027344,6.1,476,movie,Mansfield 66/67,0,84
Michael Johnson,tt1283897,6.5,24,short,Ending the Eternal,0,14
Chris Smith,tt1274277,8.5,32,movie,Truly Blessed,0,96
Michael Smith,tt0354333,7.9,634,tvSeries,Secrets of the Dead,0,56
Michael Smith,tt0441831,8.2,19,tvSeries,Naked Planet,0,60
Chris Smith,tt0235048,4.8,1035,movie,Wicked Spring,0,102
David Smith,tt0443706,7.7,583810,movie,Zodiac,0,157
Chris Smith,tt0463399,6.5,1245,tvSeries,E! True Hollywood Story,0,60
Chris Smith,tt1882639,2.9,16,tvSeries,Jansing & Co.,0,60
David Smith,tt0972412,6.8,28432,tvSeries,Private Practice,0,60
Michael Johnson,tt1300155,6.4,1675,movie,Alabama Moon,0,99
Chris Smith,tt1641845,7.2,5,video,Young Producers,0,84
Chris Smith,tt1545503,4.8,13,movie,The Pizza Delivery Massacre,0,90
David Smith,tt0406412,6.8,23,tvSeries,Food & Drink,0,30
Michael Smith,tt0406412,6.8,23,tvSeries,Food & Drink,0,30
Michael Smith,tt15339456,7.7,23897,movie,Marcel the Shell with Shoes On,0,90
Michael Smith,tt0443649,5.1,134609,movie,"10,000 BC",0,109
David Smith,tt0265688,5.9,17,movie,Sametová kocovina,0,150
David Smith,tt1262921,7.8,26,short,Legacy,0,15
David Smith,tt1158237,7.3,7,movie,The Course,0,81
Michael Smith,tt1351257,7.1,20,short,Trafficking,0,15
Michael Smith,tt1119186,4.6,397,movie,The Hustle,0,97
David Smith,tt2090474,9.0,11,short,Charlie Christmas: Corndogs and Justice,0,10
David Smith,tt2119555,8.2,37,movie,The Unusual Calling of Charlie Christmas,0,108
Michael Johnson,tt1357005,8.9,22,short,The Booby Trap,0,10
Chris Smith,tt1344878,8.2,5,short,Thor's Hammer,0,22
David Smith,tt1425240,8.7,24,short,Mr. and Mrs. Pratt,0,7
David Smith,tt1496864,8.7,9,movie,Shades of Alex Gray,0,74
Michael Smith,tt1376178,6.4,14,short,Dr Who: The Wrath of Eukor,0,30
Michael Smith,tt0092438,7.2,101,tvSeries,Rockliffe's Babies,0,50
David Smith,tt1370235,6.0,12,short,Little Minx Exquisite Corpse: Waffles for Breakfast,0,9
Michael Smith,tt1370235,6.0,12,short,Little Minx Exquisite Corpse: Waffles for Breakfast,0,9
Chris Smith,tt2070738,7.9,54,movie,Meeting Place,0,87
Chris Smith,tt2008673,8.9,8,short,Til Death,0,10
Michael Smith,tt0486259,6.4,4222,movie,American Teen,0,95
David Smith,tt1781769,6.6,105137,movie,Anna Karenina,0,129
David Smith,tt1032755,7.2,262262,movie,RocknRolla,0,114
David Smith,tt0795421,6.5,266552,movie,Mamma Mia!,0,108
David Smith,tt1707386,7.5,342050,movie,Les Misérables,0,158
David Smith,tt1284028,7.4,2175,movie,Love the Beast,0,92
David Smith,tt0380070,5.0,219,movie,Night Corridor,0,73
Michael Johnson,tt0075492,7.0,1044,tvSeries,Citizen Smith,0,30
Chris Smith,tt1522879,7.1,50,tvMovie,When Boris Met Dave,0,90
Chris Smith,tt1372701,5.2,10,tvMovie,The Real Italian Job: James Martin's Mille Miglia,0,60
Chris Smith,tt1291118,6.2,214,tvMovie,Consuming Passion,0,86
Chris Smith,tt1001465,7.8,103,tvSeries,Extraordinary People,0,60
Michael Smith,tt0107292,5.6,1761,video,Just One of the Girls,0,91
Michael Johnson,tt1470691,8.6,13,movie,The Kings,0,129
Michael Johnson,tt1828294,5.4,34,tvSpecial,Spike TV VGA Video Game Awards,0,120
Michael Johnson,tt3534542,8.6,205,tvSpecial,The Night That Changed America: A Grammy Salute to the Beatles,0,150
Michael Johnson,tt3488436,6.6,188,tvSpecial,The 56th Annual Grammy Awards,0,210
Michael Smith,tt1118299,7.0,58,tvSeries,Revealed,0,60
Michael Smith,tt4332440,8.6,10,tvSeries,World War One at Home,0,30
Michael Smith,tt2491866,7.9,100,tvMovie,Code-Breakers: Bletchley Park's Lost Heroes,0,60
Michael Smith,tt0360715,6.5,229,tvMovie,Killing Hitler,0,90
Chris Smith,tt1460646,2.7,299,movie,Red Herring,0,91
Chris Smith,tt1592876,4.5,722,movie,Score: A Hockey Musical,0,93
David Smith,tt1672169,7.0,32,movie,Demonica's Reign,0,90
David Smith,tt1396401,5.3,438,tvSeries,Past Life,0,60
David Smith,tt1592849,7.6,11,short,Civil,0,20
Michael Smith,tt1074194,7.7,339,movie,William Kunstler: Disturbing the Universe,0,85
Michael Johnson,tt0970965,7.0,254,video,Two Days in April,0,90
Michael Smith,tt0081838,6.9,1266,tvSeries,Butterflies,0,30
Michael Johnson,tt1513887,8.7,7,short,Save the Skeet,0,12
Michael Smith,tt1533738,7.7,52,short,Ingelore,0,40
Michael Smith,tt1542613,9.0,11,video,Christie,0,3
Michael Smith,tt1540971,8.2,7,short,Light and Dark,0,10
Michael Johnson,tt1500290,7.4,11,video,The Family Hour,0,83
Michael Smith,tt0357870,7.8,16,tvShort,Lost Cat,0,7
Chris Smith,tt14115912,7.7,3277,tvSeries,Blue Period,0,24
Chris Smith,tt0421463,6.3,2068,tvSeries,TNA iMPACT! Wrestling,0,120
Michael Johnson,tt2056692,4.1,861,movie,Adventures of Serial Buddies,0,91
Michael Johnson,tt1667328,8.6,7,short,Prom Date,0,15
Michael Johnson,tt1754349,6.6,15,short,Photographia,0,3
Michael Johnson,tt1587329,8.5,11,short,The Darkroom,0,26
Michael Smith,tt1590261,7.9,9,short,A`ynan,0,11
Chris Smith,tt0101090,3.8,9,tvSeries,Emergency Call,0,30
Michael Johnson,tt1572500,7.0,71,tvSeries,Private Chefs of Beverly Hills,0,60
Chris Smith,tt1615084,7.4,57,movie,The City,0,72
David Smith,tt1630608,5.1,39,movie,Pay in Full,0,99
David Smith,tt1649014,6.3,21,short,Janus,0,13
David Smith,tt1649014,6.3,21,short,Janus,0,13
David Smith,tt0084652,4.9,1343,movie,The Seduction,0,104
David Smith,tt0084472,4.0,3008,movie,Parasite,0,85
Chris Smith,tt1636540,8.3,16,short,Love Memo,0,11
Michael Johnson,tt1010387,5.8,786,tvMovie,Céline,0,90
Michael Johnson,tt1955311,7.8,4532,tvSeries,Bomb Girls,0,60
David Smith,tt0420403,7.0,118,tvSeries,F2: Forensic Factor,0,60
David Smith,tt10155470,7.1,205,tvSeries,Paranormal 911,0,42
Michael Johnson,tt1666187,3.0,987,movie,Jurassic Predator: Xtinction,0,90
Michael Johnson,tt2065997,7.8,9,short,Life Mission,0,9
Michael Johnson,tt1705113,6.1,883,movie,"Joshua Tree, 1951: A Portrait of James Dean",0,93
Michael Johnson,tt1732509,8.1,13,short,A Fallen Angel,0,15
Michael Johnson,tt1692500,7.1,23,movie,The Scrapper,0,90
David Smith,tt0095274,6.6,2233,movie,A Handful of Dust,0,118
David Smith,tt0083630,6.2,24723,movie,The Beastmaster,0,118
David Smith,tt0092575,3.0,346,movie,Appointment with Fear,0,96
Michael Smith,tt1185431,6.5,9335,movie,My One and Only,0,108
Michael Smith,tt1130884,8.2,1416400,movie,Shutter Island,0,138
Michael Johnson,tt0159752,2.8,534,movie,Shepherd,0,90
Michael Smith,tt3499990,5.7,8,short,Fly with the RAF,0,20
Michael Johnson,tt1290400,4.5,2720,movie,Double Identity,0,97
Michael Smith,tt1441940,7.2,14833,movie,Broken,0,91
Michael Smith,tt0808244,6.6,22230,movie,Easy Virtue,0,97
Michael Smith,tt6193408,6.8,15179,movie,A Shaun the Sheep Movie: Farmageddon,0,86
Michael Smith,tt6811018,6.1,18278,movie,The Kid Who Would Be King,0,120
Michael Johnson,tt9246600,7.9,145,tvSeries,UFC on ESPN,0,180
Michael Johnson,tt0445912,7.8,3203,tvSeries,The Ultimate Fighter,0,60
Michael Smith,tt1273222,7.6,1746,movie,These Amazing Shadows,0,88
Michael Johnson,tt1735333,6.0,7,short,Cross,0,22
David Smith,tt1633314,7.8,13,short,Awakening,0,17
David Smith,tt1728979,3.4,1217,movie,Mercenaries,0,97
David Smith,tt1739154,8.2,35,short,All Fried Up,0,12
David Smith,tt11666128,4.2,360,movie,Potter's Ground,0,100
David Smith,tt1742175,8.0,8,movie,Southland of the Heart,0,100
David Smith,tt1743982,7.7,15,short,Victor James,0,42
David Smith,tt1764686,5.2,13,tvMovie,The Real Vampire Files,0,45
Michael Smith,tt0380086,5.4,1099,tvSeries,Anderson Cooper 360°,0,120
Michael Johnson,tt1281109,6.6,12,short,The Box,0,9
David Smith,tt2728044,7.5,16,tvMovie,Gambling Addiction & Me: The Real Hustler,0,57
David Smith,tt3363346,7.9,481,tvMiniSeries,She-Wolves: England's Early Queens,0,60
David Smith,tt0353049,8.8,70387,tvSeries,Chappelle's Show,0,22
Michael Johnson,tt2302085,4.7,400,tvSeries,Restaurant Stakeout,0,60
Michael Johnson,tt2806790,6.4,12,movie,Transfusion,0,48
Chris Smith,tt1807963,8.0,110,video,Waiting for Santa,0,45
Chris Smith,tt1825671,6.8,64,video,Campfire Sing-Along,0,35
Chris Smith,tt1791463,6.6,65,video,Barney Goes to School,0,30
Chris Smith,tt0947810,6.8,141688,movie,Green Zone,0,115
Chris Smith,tt1808477,4.4,2066,movie,Skew,0,83
Michael Smith,tt3054868,5.2,32,movie,Constraint,0,113
Michael Smith,tt3054868,5.2,32,movie,Constraint,0,113
Michael Smith,tt1820404,3.5,29,movie,Bone Cave,0,89
Michael Johnson,tt1520605,6.4,630,tvSeries,Life on Top,0,30
Michael Johnson,tt0059427,4.7,140,movie,Espionage in Tangiers,0,98
Michael Johnson,tt1836224,7.1,13,movie,Wingman,0,76
David Smith,tt1643266,7.1,12265,tvSeries,Ancient Aliens,0,42
David Smith,tt0206501,8.7,3005,tvSeries,Nova,0,60
David Smith,tt0206501,8.7,3005,tvSeries,Nova,0,60
David Smith,tt1843154,6.4,9,short,Fixing Luka,0,12
Michael Johnson,tt3165162,8.1,13,short,Animals,0,12
Chris Smith,tt1865407,5.0,32,movie,Inspired: The Voices Against Prop 8,0,89
David Smith,tt0757856,6.6,31,tvMovie,The Adventures of Huckleberry Finn,0,46
Michael Smith,tt1462059,7.1,92337,tvSeries,Falling Skies,0,42
Michael Smith,tt1119644,8.4,254404,tvSeries,Fringe,0,46
Michael Smith,tt4945640,5.1,45,movie,911: Officer Down,0,85
Michael Smith,tt3107288,7.5,364946,tvSeries,The Flash,0,43
David Smith,tt0076620,4.7,126,movie,Zhong lie Jing wu men,0,96
Michael Johnson,tt1559033,4.5,5097,movie,Prowl,0,84
Chris Smith,tt1757944,4.0,288,video,Princess and the Pony,0,88
David Smith,tt0108961,8.5,1708,tvSeries,Time Team,0,55
David Smith,tt1842562,7.8,223,tvSeries,A History of Ancient Britain,0,60
Michael Johnson,tt9046574,7.0,3042,tvMovie,ReMastered: Devil at the Crossroads,0,48
David Smith,tt3024124,7.6,8,short,Behind Me,0,10
Michael Smith,tt1927172,4.9,812,movie,"Y/N: You Lie, You Die",0,102
Michael Smith,tt5034326,8.1,7352,tvSeries,Adam Ruins Everything,0,30
Michael Johnson,tt0838147,6.1,289,tvSeries,Work Out,0,60
Michael Johnson,tt1949098,8.5,10,tvSeries,Which Way,0,8
Michael Smith,tt0109053,6.7,3210,tvMovie,Against the Wall,0,111
Michael Smith,tt0208098,7.2,34,movie,Divided Highways: The Interstates and the Transformation of American Life,0,87
Michael Johnson,tt1961314,8.4,8,movie,Finding Her Way Home,0,75
Michael Johnson,tt2326574,5.3,2989,movie,The Identical,0,107
David Smith,tt0262152,5.3,414,tvSeries,Breakfast,0,180
David Smith,tt0262152,5.3,414,tvSeries,Breakfast,0,180
David Smith,tt0775400,7.9,3310,tvMiniSeries,Snuff Box,0,30
David Smith,tt1847328,7.3,59,tvSeries,Pixelface,0,30
David Smith,tt0115237,6.9,455,tvSeries,L.A. Heat,0,50
David Smith,tt0993012,7.4,73,tvMovie,National Geographic: The Incredible Human Body,0,60
Michael Smith,tt1633245,6.7,678,tvMovie,Sisters of War,0,95
Chris Smith,tt6744198,8.0,1047,tvSeries,Seven Bucks Digital Studios,0,11
Michael Johnson,tt0808368,6.4,261,tvMovie,McBride: Semper Fi,0,90
Chris Smith,tt1694423,7.2,9648,tvSeries,MasterChef USA,0,42
Chris Smith,tt4175634,7.1,476,tvSeries,Barely Famous,0,21
David Smith,tt0163935,7.6,7,tvSeries,Flesh and Blood,0,50
David Smith,tt0080454,6.8,48,movie,Blue Suede Shoes,0,97
David Smith,tt0103569,5.3,10847,tvSeries,The Tonight Show with Jay Leno,0,62
Michael Johnson,tt0103569,5.3,10847,tvSeries,The Tonight Show with Jay Leno,0,62
Chris Smith,tt0217229,8.5,3280,tvSeries,Louis Theroux's Weird Weekends,0,60
Michael Johnson,tt0428251,4.6,10703,movie,Venom,0,87
David Smith,tt0199257,7.2,585,tvSeries,Panorama,0,40
David Smith,tt6428174,7.4,17,short,The Red Cape,0,39
Michael Smith,tt1489432,3.7,988,tvSeries,Lopez Tonight,0,60
Michael Johnson,tt1869016,7.3,21,tvSeries,That Movie Show,0,6
David Smith,tt1322264,5.6,545,movie,The Dry Land,0,92
David Smith,tt2069839,8.5,9,movie,Giorgio Bush and the B-people,0,87
Michael Smith,tt2009519,7.3,44,movie,Mary's Buttons,0,111
Chris Smith,tt0318913,7.8,12280,tvSeries,Teenage Mutant Ninja Turtles,0,30
Chris Smith,tt4815122,6.2,42000,movie,Time Trap,0,87
Michael Johnson,tt5872732,7.2,83,tvSeries,Religion of Sports,0,60
Michael Smith,tt1148165,6.2,1994,movie,Bran Nue Dae,0,85
David Smith,tt2084978,8.1,9,movie,The Soft Touch,0,125
Michael Johnson,tt0088993,7.1,73362,movie,Day of the Dead,0,101
Michael Johnson,tt1323045,6.2,79239,movie,Frozen,0,93
Michael Johnson,tt0822827,2.5,1186,tvMovie,Lightspeed,0,90
Michael Johnson,tt0493382,6.2,35,tvSeries,TV One on One,0,60
David Smith,tt2168389,8.3,11,tvSeries,Crime Stoppers Case Files: Northeast Ohio,0,30
Chris Smith,tt1966604,7.5,49877,movie,The Imposter,0,99
Chris Smith,tt2251106,6.0,90,movie,A Devil's Game,0,121
Chris Smith,tt2170513,8.9,85,short,Most Wanted,0,12
Michael Johnson,tt1675192,7.3,106164,movie,Take Shelter,0,121
David Smith,tt5461944,7.6,69150,movie,Hotel Mumbai,0,123
David Smith,tt4068576,7.3,34496,movie,The Nightingale,0,136
David Smith,tt3758172,6.7,61802,movie,Jungle,0,115
David Smith,tt6292852,6.7,97536,movie,I Am Mother,0,113
David Smith,tt8579674,8.2,653656,movie,1917,0,119
David Smith,tt1226753,6.8,71319,movie,The Debt,0,113
Michael Johnson,tt2919200,4.9,24,movie,Bald Knobber,0,177
David Smith,tt0077620,4.1,271,movie,Goin' Coconuts,0,96
David Smith,tt0075507,7.5,53,tvSeries,The Fitzpatricks,0,60
David Smith,tt2149182,8.7,12,short,Fertility 2.0,0,11
Michael Johnson,tt2717270,7.7,83,short,John Henry and the Railroad,0,22
Michael Johnson,tt2330917,8.3,20,short,Jack and the Dustbowl,0,20
Michael Johnson,tt2144820,4.5,130,movie,Stand Your Ground,0,107
Michael Johnson,tt2014271,6.2,99,movie,Laughing at the Moon,0,116
Michael Johnson,tt2979872,8.2,5,short,Valiant,0,16
David Smith,tt2404795,1.4,9,short,Dinner at My Place,0,6
David Smith,tt2332859,6.6,15,short,The Trouble with Alexander,0,9
Michael Smith,tt2401579,5.4,113,movie,And Then YOU Die!,0,86
David Smith,tt2178138,6.7,11,short,Recalculating,0,17
David Smith,tt3149982,6.4,30,short,Because These Kids Are...,0,6
David Smith,tt1422136,6.2,30442,movie,A Lonely Place to Die,0,99
Michael Smith,tt1730698,7.5,719,tvMovie,Shackleton's Captain,0,52
Chris Smith,tt2023441,8.8,8,movie,Confessions of a Self-Hating Jew,0,90
David Smith,tt0069888,5.4,571,movie,Class of '44,0,95
Chris Smith,tt3109222,7.9,16,movie,Artisse,0,60
Chris Smith,tt3249612,5.2,74,movie,"Sex, Marriage and Infidelity",0,110
Chris Smith,tt2817548,3.6,69,movie,The Shadow Behind You,0,99
Chris Smith,tt2213934,7.2,22,short,210 Killer,0,19
Michael Johnson,tt2129929,9.0,6,short,Boob Grazing,0,6
Michael Johnson,tt2236106,7.6,9,movie,Death as Life,0,70
Michael Johnson,tt2265088,7.3,54,movie,Gold Fools,0,80
Michael Johnson,tt1809909,2.7,666,tvSeries,Piers Morgan Live,0,60
David Smith,tt2313496,6.3,8,short,Defining Fay,0,10
Michael Smith,tt2272630,7.7,8,short,The Plan,0,20
Chris Smith,tt1977894,8.4,1968,tvMovie,Queen: Days of Our Lives,0,120
Chris Smith,tt1373462,8.0,12,movie,Raltat,0,90
David Smith,tt2387720,6.9,17,tvMovie,In the Teeth of Jaws,0,50
Michael Smith,tt1830491,6.0,12867,tvSeries,Austin & Ally,0,23
Chris Smith,tt2137902,7.0,12,tvSpecial,Shark Attack Experiment Live,0,45
Chris Smith,tt2476520,7.9,18,tvSeries,Caught in the Act,0,45
David Smith,tt2416048,7.1,29,movie,Christ Complex,0,76
Michael Smith,tt2499534,7.5,63,short,Spongebob Squarepants 4D Attraction: The Great Jelly Rescue,0,8
David Smith,tt2467442,7.1,1181,movie,K2: Siren of the Himalayas,0,75
David Smith,tt2510620,8.4,388,tvMiniSeries,Order & Disorder,0,60
David Smith,tt2071460,8.5,992,tvMiniSeries,Everything and Nothing,0,60
David Smith,tt1297273,6.9,75,video,Flesh & Blood,0,65
Michael Johnson,tt2301754,5.8,15,short,Realizism,0,31
Michael Johnson,tt2520678,4.7,162,movie,Kaptara,0,94
Michael Johnson,tt12942958,2.3,789,movie,Monster Hunters,0,88
Michael Johnson,tt27834173,5.0,75,movie,The Little Mermaid,0,98
Michael Johnson,tt3883968,5.7,45,movie,Battle Oasis,0,83
Michael Johnson,tt14516188,2.2,924,movie,Ape vs. Monster,0,88
Michael Johnson,tt0834897,3.8,256,video,Bigfoot,0,87
David Smith,tt2346046,6.2,3337,tvSpecial,Amy Schumer: Mostly Sex Stuff,0,61
David Smith,tt2816682,5.8,234,tvSpecial,Kristen Schaal: Live at the Fillmore,0,60
David Smith,tt2514162,6.8,86,tvSpecial,Eugene Mirman: An Evening of Comedy in a Fake Underground Laboratory,0,60
David Smith,tt1495603,8.5,7,tvSeries,The Train Now Departing,0,30
Michael Johnson,tt1780441,7.8,22649,tvSeries,Portlandia,0,22
Michael Johnson,tt2908620,6.7,13,short,Hi Custodian,0,21
Michael Johnson,tt2872462,6.7,28369,movie,Mistress America,0,84
David Smith,tt0397071,3.8,263,movie,Bazaar Bizarre,0,79
David Smith,tt2544734,4.2,3632,movie,Bullet,0,87
Michael Smith,tt1786751,6.6,10972,movie,CBGB,0,102
Michael Johnson,tt2748544,6.2,122,movie,A Gun & a Ring,0,105
Michael Smith,tt2736666,7.6,1483,tvSeries,The Jeselnik Offensive,0,30
Chris Smith,tt2129304,7.8,1140,tvSeries,Hotel Impossible,0,60
Chris Smith,tt0285335,7.8,15305,tvSeries,The Amazing Race,0,60
Michael Smith,tt0443494,5.6,353,movie,EZ Money,0,86
Chris Smith,tt2458862,5.8,5,movie,Alice and the Monster,0,90
Chris Smith,tt0330958,7.9,679,tvSeries,Taboo,0,45
Chris Smith,tt2886718,4.6,46,movie,The Campground,0,54
Chris Smith,tt3234036,6.3,73,video,Friday the 13th: The Curse of Jason,0,26
Michael Smith,tt3297382,4.2,1714,movie,The Crash,0,84
Michael Smith,tt2961314,7.0,6,short,"Sorry, Charlie",0,10
David Smith,tt0218298,5.7,620,movie,Get Your Stuff,0,93
Michael Johnson,tt2560140,9.1,478554,tvSeries,Attack on Titan,0,24
Michael Johnson,tt0388629,8.9,211684,tvSeries,One Piece,0,24
Chris Smith,tt1032815,5.3,37111,movie,"I Love You, Beth Cooper",0,102
Chris Smith,tt1736049,6.9,1221,movie,A Place at the Table,0,84
Michael Johnson,tt1509004,7.6,9977,tvSeries,Enlightened,0,28
David Smith,tt0853153,7.7,13626,tvMovie,Stuart: A Life Backwards,0,92
Michael Smith,tt1002957,6.6,28,video,Barney: Let's Go to the Farm,0,50
Chris Smith,tt1002957,6.6,28,video,Barney: Let's Go to the Farm,0,50
Michael Smith,tt1505095,8.0,80,tvSeries,Anna & Kristina's Grocery Bag,0,22
Michael Johnson,tt2287229,7.0,304,tvSeries,The Pitch,0,60
Chris Smith,tt2951700,8.3,38,movie,Whoops!,0,90
David Smith,tt0233978,7.0,8,short,The Jews of Winnipeg,0,27
Michael Smith,tt4266074,8.3,23,short,Broken Up,0,8
Michael Smith,tt2180875,8.6,13,tvSeries,Crime Stoppers Case Files: Southern California,0,30
Michael Smith,tt3078924,7.9,20,tvSeries,Crime Stoppers Case Files: Chicago,0,30
Michael Smith,tt3093556,8.0,7,short,Out of Frame,0,40
Michael Smith,tt3022282,7.6,5,tvSeries,Structures,0,30
Michael Smith,tt3099300,6.2,110,movie,Four Seasons,0,90
Chris Smith,tt2818496,7.3,1585,tvSeries,The Awesomes,0,23
Chris Smith,tt7768092,6.6,718,tvSeries,Valley of the Boom,0,60
Chris Smith,tt1365649,8.9,8,movie,Shuya Show,0,47
David Smith,tt3139700,8.2,24,movie,Skanks,0,85
Michael Johnson,tt2298250,7.4,613,tvSeries,Where the Bears Are,0,138
Chris Smith,tt1453245,5.1,5125,movie,Devil's Playground,0,96
Michael Smith,tt10846308,9.6,9,short,Divided We Stand,0,17
Michael Smith,tt2928888,7.4,47,short,Our Father,0,15
Michael Johnson,tt2071648,4.2,1231,movie,Vampire Dog,0,91
Michael Johnson,tt3528666,5.2,3824,video,The Marine 4: Moving Target,0,90
Michael Johnson,tt1655441,7.2,197551,movie,The Age of Adaline,0,112
Michael Johnson,tt2268573,3.5,4245,movie,Stranded,0,84
David Smith,tt3020754,5.0,30,movie,Saint Janet,0,95
Chris Smith,tt3201538,8.9,12,movie,Tomato Republic,0,61
David Smith,tt3235808,5.8,802,short,Lion,0,19
Michael Johnson,tt1119175,7.7,68,tvSeries,Sunday Best,0,60
Michael Smith,tt3252020,6.9,12,movie,A Bridge to a Border,0,89
Michael Smith,tt3252020,6.9,12,movie,A Bridge to a Border,0,89
David Smith,tt3280516,6.4,19,tvMovie,The One and Only Cilla Black,0,90
Chris Smith,tt3283906,6.4,42,movie,"The British Film Industry: Elitist, Deluded or Dormant?",0,101
Michael Smith,tt3258010,5.7,95,short,Double Rainboom,0,29
David Smith,tt3507346,10.0,6,short,Haiti Speaks,0,44
David Smith,tt3209560,4.1,146,movie,Small Town Hero,0,90
Michael Smith,tt3323364,8.6,14,movie,4th Floor of Singapore,0,80
Michael Smith,tt3533254,6.2,110,movie,A Dozen Summers,0,82
David Smith,tt3314696,6.4,44,movie,Webgirl,0,91
David Smith,tt2233778,6.2,10,movie,My Friends,0,140
David Smith,tt3335378,7.7,437,movie,Utopia,0,112
Michael Smith,tt0316809,5.0,71,movie,Tuesday Never Comes,0,94
Michael Smith,tt3471520,5.0,62,movie,Safe Inside,0,91
David Smith,tt3529612,6.4,311,movie,River of Fundament,0,319
David Smith,tt0138228,6.2,1446,tvSeries,Countdown,0,45
David Smith,tt2324215,7.8,79,tvSeries,Dara O Briain: School of Hard Sums,0,40
Michael Johnson,tt3545908,8.1,97,tvSeries,Unsung Hollywood,0,60
Michael Smith,tt0429482,5.7,527,movie,50 Ways of Saying Fabulous,0,90
Chris Smith,tt2089467,7.2,3651,tvSeries,Talking Dead,0,44
Chris Smith,tt5461692,6.7,196,tvSeries,Talking Saul,0,60
Chris Smith,tt5774078,6.6,98,tvSeries,Talking Preacher,0,43
David Smith,tt1988386,8.2,17375,tvSeries,Miss Fisher's Murder Mysteries,0,60
Chris Smith,tt1822210,3.8,55,movie,Devoured: The Legend of Alferd Packer,0,85
Michael Johnson,tt4194954,8.4,12,movie,Home Before the Holiday,0,45
Michael Johnson,tt4194954,8.4,12,movie,Home Before the Holiday,0,45
Chris Smith,tt0473365,4.3,204,movie,I.R.A.: King of Nothing,0,85
David Smith,tt0030565,5.9,124,movie,Peck's Bad Boy with the Circus,0,78
Michael Johnson,tt0287196,4.0,1022,tvSeries,Big Brother,0,25
Michael Johnson,tt5817456,4.5,496,movie,Close Calls,0,129
Michael Johnson,tt4978100,6.0,42,movie,Roman Bickerstaff: The Rise and Fall of an RA,0,88
Michael Johnson,tt1764647,5.3,3267,movie,Shadow People,0,89
Chris Smith,tt3745428,7.7,7,tvShort,Food Truck,0,8
Chris Smith,tt4438848,5.7,128734,movie,Neighbors 2: Sorority Rising,0,92
Chris Smith,tt9076562,6.3,23040,movie,Irresistible,0,101
Chris Smith,tt0429434,7.7,1563,tvSeries,Snapped,0,30
Michael Smith,tt10903388,6.1,74,tvMiniSeries,Calvin Klein: Obsession,0,1
Michael Johnson,tt2584018,6.3,2195,movie,Freedom,0,94
Michael Johnson,tt0169438,7.6,968,tvSeries,Dream Team,0,45
Michael Johnson,tt2231696,5.3,512,tvSeries,Home & Family,0,120
Michael Johnson,tt4563072,7.0,19,movie,Supermoto,0,90
Michael Smith,tt0247882,8.8,7075,tvSeries,Forensic Files,0,30
Chris Smith,tt0112322,6.2,320,movie,All Men Are Liars,0,91
Chris Smith,tt0081561,7.0,338,movie,Stir,0,101
Chris Smith,tt0098275,7.3,43,movie,Sebastian and the Sparrow,0,88
Chris Smith,tt0080310,7.8,14225,movie,Breaker Morant,0,107
David Smith,tt0101115,7.1,2502,tvSeries,Herman's Head,0,30
David Smith,tt3543918,2.9,1209,movie,The Second Coming of Christ,0,92
Michael Johnson,tt0062588,8.7,9381,tvSeries,Mister Rogers' Neighborhood,0,30
Michael Johnson,tt3924312,8.2,11,tvMiniSeries,Come on Down! The Game Show Story,0,60
Michael Smith,tt3300932,5.1,314,movie,Gibby,0,87
Michael Johnson,tt3482296,4.4,15,video,Pretty Woman: A XXX Parody,1,105
Michael Johnson,tt4011010,4.1,1207,movie,Red Billabong,0,113
Michael Smith,tt0838247,5.9,40594,movie,After.Life,0,104
David Smith,tt0131396,5.9,1000,movie,A Fistful of Fingers,0,78
David Smith,tt3120508,3.3,757,video,Alone for Christmas,0,87
Michael Smith,tt3044834,8.2,1348,tvSeries,A Crime to Remember,0,45
Michael Johnson,tt3788052,6.9,2551,movie,Corner Gas: The Movie,0,90
Michael Smith,tt3986180,7.4,32,tvSeries,"Young, Hot & Crooked",0,30
Chris Smith,tt3446060,7.8,7,short,Unbridled Chaos,0,14
Chris Smith,tt2557490,6.1,196117,movie,A Million Ways to Die in the West,0,116
David Smith,tt0432348,6.6,272418,movie,Saw II,0,93
Michael Johnson,tt0432348,6.6,272418,movie,Saw II,0,93
David Smith,tt0228843,6.1,20,short,Shadow House,0,11
Michael Smith,tt4340322,4.8,89,movie,Marvel & ESPN Films Present 1 of 1: Genesis,0,77
Michael Smith,tt4455788,8.2,15,short,Beyond the Wave,0,21
Michael Smith,tt4553542,7.9,271,movie,The Need to Grow,0,96
David Smith,tt0097336,6.5,8920,movie,Fat Man and Little Boy,0,127
David Smith,tt0255868,8.1,114,tvEpisode,Carmen,0,172
Michael Johnson,tt12477816,7.4,98,movie,Pursuit of Freedom,0,95
Michael Johnson,tt4840810,4.6,208,movie,Thy Neighbor,0,99
Michael Johnson,tt5798330,3.5,164,movie,Two Steps from Hope,0,83
Michael Smith,tt4587834,6.2,75,movie,City of Vultures,0,97
Chris Smith,tt6985634,6.7,33,short,Death by Script,0,9
David Smith,tt0200379,4.8,193,tvSeries,Stars in Their Eyes,0,50
David Smith,tt4451292,5.9,14,movie,Grievance Group: The Pardon,0,90
Michael Johnson,tt4067972,8.3,59,tvSeries,Sports Jeopardy!,0,24
Michael Johnson,tt0498613,7.7,48,tvSeries,Murder by the Book,0,60
David Smith,tt4847612,8.2,5,short,Rush 91,0,27
Michael Smith,tt4493898,7.4,5,short,Ride,0,10
Michael Johnson,tt2395219,2.1,2886,tvMovie,Fred 3: Camp Fred,0,81
Michael Johnson,tt4741768,4.1,1713,movie,By Any Means,0,84
David Smith,tt1615075,3.9,4139,movie,Suing the Devil,0,97
Michael Smith,tt10176540,6.5,47,movie,Force to Fear,0,77
Michael Smith,tt4586092,7.7,26,movie,I Had Fun,0,97
David Smith,tt5164664,5.9,108,movie,Aliens & Gufors,0,89
David Smith,tt1454687,7.2,13,short,The Meatman,0,5
Michael Johnson,tt1029360,4.9,60576,movie,Poltergeist,0,93
David Smith,tt0164336,4.0,330,movie,American Kickboxer 2,0,93
David Smith,tt0117915,3.1,522,movie,Timelock,0,96
Michael Smith,tt5645790,6.3,308,tvSeries,Secret Daughter,0,44
Michael Smith,tt6002058,7.4,150,movie,Deep Water: The Real Story,0,87
Michael Smith,tt5170168,3.8,33,movie,Gerardo Ortiz: Como un Sueño,0,78
Michael Johnson,tt1568843,5.4,950,short,Jay and Seth Versus the Apocalypse,0,10
Michael Johnson,tt0106053,7.0,14164,tvSeries,Late Show with David Letterman,0,60
David Smith,tt2860762,7.3,334,tvSeries,The Killer Speaks,0,43
Michael Smith,tt2198333,6.7,941,tvSeries,America's Book of Secrets,0,44
Michael Johnson,tt0825283,3.6,4675,movie,Maximum Ride,0,88
David Smith,tt5334178,8.7,10,short,This Is New Zealand,0,21
Michael Smith,tt5419896,2.8,27,movie,Realms Hunt for the Shadow Man,0,80
David Smith,tt5319596,6.0,30,movie,Something Horrible,0,80
Chris Smith,tt5434216,5.8,326,tvSeries,Married at First Sight UK,0,40
David Smith,tt0495556,7.6,74,tvSeries,Art in the Twenty-First Century,0,58
Michael Johnson,tt3200980,6.6,3745,movie,Where Hope Grows,0,95
Michael Johnson,tt5459324,4.7,376,tvMovie,A Housekeeper's Revenge,0,82
David Smith,tt5513442,5.9,60,tvSeries,Flophouse,0,30
David Smith,tt5659818,7.6,10,tvMovie,Flying Scotsman with Robson Green,0,46
David Smith,tt7338690,4.6,3353,video,The Scorpion King: Book of Souls,0,102
David Smith,tt5518158,2.6,242,movie,Mount Adams,0,94
David Smith,tt11881160,5.6,6506,movie,Gaia,0,96
David Smith,tt5126178,3.1,493,movie,Chasing the Star,0,96
Michael Smith,tt10767092,6.5,41,short,Psycho Path,0,11
Michael Smith,tt5762168,8.2,7,video,Showtime,0,85
Michael Smith,tt5068722,6.9,10,movie,Swim the Channel,0,59
David Smith,tt0364842,7.0,159,tvSeries,Monster House,0,60
David Smith,tt0048845,6.2,2229,tvSeries,As the World Turns,0,60
Michael Johnson,tt5842412,7.9,205,tvMovie,The Sacred City,0,85
Michael Smith,tt5762174,3.5,270,video,Alpha and Omega: Dino Digs,0,47
Chris Smith,tt5892524,6.0,38,movie,SXSW Comedy with Natasha Leggero,0,77
Chris Smith,tt2415718,8.5,24,movie,Transcending Fear: The Story of Gao Zhisheng,0,71
Chris Smith,tt5892724,8.4,169,tvSeries,Full Steam Ahead,0,60
Michael Smith,tt5931582,2.7,26,movie,Paranormal Retreat 2-the Woods Witch,0,66
Chris Smith,tt2978518,6.9,289,tvSeries,Swamp Murders,0,45
Chris Smith,tt1874066,7.8,2770,tvSeries,Paranormal Witness,0,60
Chris Smith,tt0165064,4.0,128,tvSeries,Songs of Praise,0,35
Michael Smith,tt5533938,2.9,280,movie,Cult Girls,0,83
Chris Smith,tt6066090,6.0,9,short,Hell to Pay,0,9
Chris Smith,tt2412568,6.7,1235,movie,Ragamuffin,0,137
Chris Smith,tt4508902,8.7,180807,tvSeries,One Punch Man,0,24
Michael Johnson,tt6098734,4.4,121,movie,Cannibal Corpse Killers,0,100
Michael Smith,tt2906276,7.2,70,movie,Repatriation,0,77
Chris Smith,tt1865573,4.5,3812,movie,Bad Kids Go to Hell,0,91
Michael Smith,tt5900310,7.4,7,short,The Protectors,0,6
Chris Smith,tt6332568,8.6,398,tvSeries,Magic Funhouse!,0,18
Michael Johnson,tt6052206,3.6,148,movie,Professor Mack,0,83
Michael Johnson,tt6057470,9.8,8,short,The Last Visit,0,19
Chris Smith,tt5212488,3.8,142,movie,Transition,0,76
Chris Smith,tt0421099,8.5,3432,tvSeries,Grand Designs,0,50
Chris Smith,tt28620785,7.4,17,tvSeries,Ultimate Wedding Planner,0,60
Michael Smith,tt4574590,9.3,10,short,Det Lyse Mørket,0,23
Michael Smith,tt19785624,7.0,255,movie,The Woman Under the Stage,0,104
Michael Smith,tt7586230,9.6,10,short,Tertium Quid,0,17
Michael Smith,tt7586230,9.6,10,short,Tertium Quid,0,17
David Smith,tt3330720,7.1,1642,tvSeries,The Last Leg,0,45
David Smith,tt1795756,5.9,26,tvSeries,Celebrity Eggheads,0,30
Michael Smith,tt4878612,7.0,4620,tvSeries,Z: The Beginning of Everything,0,27
Chris Smith,tt0295122,6.6,135,tvSeries,Movie Surfers,0,30
David Smith,tt5493706,3.7,5061,video,Death Race 2050,0,93
Michael Smith,tt4193394,6.7,12532,movie,Indignation,0,110
Chris Smith,tt12999606,8.4,22,tvSeries,George Clarke's National Trust Unlocked,0,47
Chris Smith,tt0481440,5.2,392,tvSeries,Britain's Next Top Model,0,45
Chris Smith,tt2388715,6.5,137817,movie,Oculus,0,104
Michael Smith,tt5374594,8.0,10,short,Rueful Warrior,0,15
Michael Johnson,tt1365047,8.0,1467,tvSeries,Who Do You Think You Are?,0,60
Michael Smith,tt6364638,5.1,782,tvMovie,A Wedding Wonderland,0,90
Chris Smith,tt7445510,5.0,449,movie,Oscar Pistorius: Blade Runner Killer,0,90
Chris Smith,tt6843446,3.4,800,movie,Undercover Brother 2,0,84
Chris Smith,tt6554240,8.0,9232,tvSeries,Heels,0,60
Chris Smith,tt10767066,5.2,307,movie,Blast Beat,0,105
David Smith,tt4074304,7.0,1421,movie,Pervert Park,0,77
Chris Smith,tt8350100,6.4,30,movie,The Last Frankenstein,0,102
Chris Smith,tt10767010,3.5,55,movie,Blood Cell,0,83
Chris Smith,tt4674594,7.5,12,movie,Sya,0,90
Michael Johnson,tt6942032,7.3,9,movie,Holding Patterns,0,87
Chris Smith,tt4648556,7.2,278,tvSeries,Impossible Engineering,0,60
Michael Smith,tt0096563,6.9,7008,tvSeries,Cops,0,30
Michael Johnson,tt7139110,8.9,12,movie,Switch,0,49
Michael Smith,tt7121766,6.2,8,short,A Beautiful Silence,0,16
Michael Smith,tt9135240,5.3,10,movie,The Awakening of Lilith,0,83
David Smith,tt7203992,5.8,10,movie,The Red Dream,0,73
Chris Smith,tt0844203,3.7,601,tvSeries,The One Show,0,30
Michael Smith,tt7232928,7.2,197,tvMovie,Olly Alexander: Growing Up Gay,0,60
Michael Johnson,tt1364951,1.7,3709,tvSeries,Toddlers & Tiaras,0,45
Chris Smith,tt6327622,8.5,6,short,Mackenzie,0,18
David Smith,tt7323198,9.0,11,short,In Faith We Grow: The Story of Pasture Valley Children's Home,0,44
David Smith,tt7349602,7.5,5655,tvSeries,The Confession Tapes,0,46
Michael Johnson,tt6133034,8.5,2852,tvMiniSeries,TIME: The Kalief Browder Story,0,258
Michael Smith,tt0077082,6.9,213,tvSeries,The South Bank Show,0,53
Chris Smith,tt1743941,8.1,44,movie,Kill All Redneck Pricks: A Documentary Film about a Band Called KARP,0,89
David Smith,tt7603386,7.1,674,tvSeries,Hot Date,0,20
David Smith,tt7603386,7.1,674,tvSeries,Hot Date,0,20
Chris Smith,tt7635592,7.1,27,tvSpecial,Paul Rodriguez: The Here & Wow,0,75
Chris Smith,tt7635310,5.5,19,tvSpecial,Tom Arnold: Past & Present Imperfectly,0,58
David Smith,tt7662370,6.1,11,tvMovie,Myra: The Making of a Monster,0,72
Michael Smith,tt7326320,5.9,1302,movie,More Beautiful for Having Been Broken,0,111
Michael Johnson,tt0493405,6.0,50246,movie,CHIPS,0,100
Chris Smith,tt2005156,6.1,610,movie,BearCity 2: The Proposal,0,110
Chris Smith,tt6222992,6.4,23,tvSeries,The Garbage Can Man Show,0,1
Chris Smith,tt8647660,6.4,14,tvSeries,Fundamentally Cynical,0,5
Michael Smith,tt3592904,2.3,641,movie,Cross Wars,0,98
Michael Johnson,tt0093616,6.9,84,short,Nice Coloured Girls,0,16
David Smith,tt8017196,7.0,34,tvMovie,Children Who Kill with Susanna Reid,0,46
Michael Smith,tt0363307,5.6,18374,tvSeries,America's Next Top Model,0,42
Michael Smith,tt6493898,7.6,24,tvSeries,Secrets of the National Trust,0,60
David Smith,tt7165516,4.6,47,movie,So Help Us God,0,93
David Smith,tt7165530,6.2,30,movie,Curse of Cactus Jack,0,84
Chris Smith,tt2735544,8.9,763,tvSeries,Aerial America,0,44
Michael Smith,tt7966246,8.9,41,tvSeries,The Ten Doctors,0,47
Chris Smith,tt7490208,6.9,20,movie,50 Years Legal,0,90
David Smith,tt0203947,6.1,10,short,Starblanket,0,27
David Smith,tt0236318,6.9,8,short,I Don't Have to Work That Big,0,28
Michael Johnson,tt8323858,8.8,11,tvSeries,Silenced,0,30
Chris Smith,tt6788644,6.4,5,tvSeries,Reverse Polarity,0,10
David Smith,tt6038042,5.5,2451,movie,Madness in the Method,0,99
Chris Smith,tt4945528,5.9,246,movie,BearCity 3,0,116
Michael Johnson,tt1587934,6.8,4212,tvSeries,American Ninja Warrior,0,40
Michael Smith,tt8408218,5.2,748,movie,The Mercenary,0,91
Michael Smith,tt2353113,8.6,46,tvSeries,Sea Rescue,0,30
David Smith,tt4167720,5.0,3329,movie,The Pack,0,88
